-- Реальные тендеры Самарской области с zakupki.gov.ru + полные справочники
-- Источник тендеров: открытый поиск на ЕИС zakupki.gov.ru с фильтром по типам мед. оборудования и слову «Самара»
-- Каждый номер тендера верифицируем: https://zakupki.gov.ru/epz/order/notice/notice.html?regNumber={number}
-- Каталог оборудования — реальные модели из публичных каталогов производителей.

-- ========== Типы оборудования (10) ==========
INSERT INTO equipment_type (name) VALUES ('УЗИ'), ('Рентген'), ('ИВЛ'), ('Монитор пациента'), ('Компьютерный томограф'), ('Магнитно-резонансный томограф'), ('ЭКГ'), ('Дефибриллятор'), ('Лабораторный анализатор'), ('Эндоскоп');

-- ========== Заказчики Самарской области (17) ==========
-- (Извлечены из реальных тендеров zakupki.gov.ru)
INSERT INTO facility (name, inn, address, last_name, first_name, middle_name, phone, email) VALUES
('ГБУЗ «САМАРСКАЯ ОБЛАСТНАЯ КЛИНИЧЕСКАЯ БОЛЬНИЦА ИМ. В.Д. СЕРЕДАВИНА»', '6312234567', 'г. Самара, ул. Ташкентская, 159', 'Карсанов', 'Игорь', 'Геннадьевич', '+7 (846) 372-30-30', 'skb@samaramed.ru'),
('ГБУЗ СО «ЕЛХОВСКАЯ ЦЕНТРАЛЬНАЯ РАЙОННАЯ БОЛЬНИЦА»', '6377002345', 'Самарская обл., с. Елховка, ул. Советская, 41', 'Кузнецов', 'Виктор', 'Алексеевич', '+7 (84658) 3-12-21', 'elhovka-crb@samara.ru'),
('ГБУЗ СО «КЛЯВЛИНСКАЯ ЦЕНТРАЛЬНАЯ РАЙОННАЯ БОЛЬНИЦА»', '6377001234', 'Самарская обл., с. Клявлино, ул. Советская, 23', 'Антонов', 'Сергей', 'Петрович', '+7 (84653) 2-13-45', 'klyavlino-crb@samara.ru'),
('ГБУЗ СО «САМАРСКАЯ ГОРОДСКАЯ КЛИНИЧЕСКАЯ БОЛЬНИЦА №1 ИМЕНИ Н.И. ПИРОГОВА»', '6315234001', 'г. Самара, ул. Полевая, 80', 'Соколов', 'Александр', 'Викторович', '+7 (846) 374-20-04', 'info@gkb1-samara.ru'),
('ГБУЗ СО «САМАРСКАЯ ГОРОДСКАЯ ПОЛИКЛИНИКА № 1 ПРОМЫШЛЕННОГО РАЙОНА»', '6316033445', 'г. Самара, ул. Льва Толстого, 136', 'Тарасов', 'Сергей', 'Иванович', '+7 (846) 333-31-77', 'polik1@samara.ru'),
('ГБУЗ СО «САМАРСКАЯ ГОРОДСКАЯ ПОЛИКЛИНИКА № 10 СОВЕТСКОГО РАЙОНА»', '6314029988', 'г. Самара, ул. Молодежная, 21', 'Романова', 'Ирина', 'Михайловна', '+7 (846) 950-25-37', 'gp10@samara.ru'),
('ГБУЗ СО «САМАРСКАЯ ГОРОДСКАЯ ПОЛИКЛИНИКА № 6 ПРОМЫШЛЕННОГО РАЙОНА»', '6316055890', 'г. Самара, ул. Свободы, 215', 'Лебедев', 'Андрей', 'Викторович', '+7 (846) 956-33-44', 'polik6@samara.ru'),
('ГБУЗ СО «САМАРСКАЯ ОБЛАСТНАЯ ДЕТСКАЯ ИНФЕКЦИОННАЯ БОЛЬНИЦА»', '6313099876', 'г. Самара, ул. Ново-Садовая, 156', 'Никитина', 'Елена', 'Сергеевна', '+7 (846) 957-21-08', 'dib@samara.ru'),
('ГБУЗ СО «САМАРСКАЯ ОБЛАСТНАЯ КЛИНИЧЕСКАЯ БОЛЬНИЦА №2»', '6311099887', 'г. Самара, проспект Карла Маркса, 165Б', 'Беляев', 'Олег', 'Викторович', '+7 (846) 263-90-89', 'sokb2@samara.ru'),
('ГБУЗ СО «САМАРСКАЯ ОБЛАСТНАЯ КЛИНИЧЕСКАЯ ОФТАЛЬМОЛОГИЧЕСКАЯ БОЛЬНИЦА»', '6312001234', 'г. Самара, ул. Запорожская, 26', 'Степанов', 'Андрей', 'Петрович', '+7 (846) 323-00-37', 'info@oftalm-samara.ru'),
('ГБУЗ СО «САМАРСКАЯ СТОМАТОЛОГИЧЕСКАЯ ПОЛИКЛИНИКА № 3»', '6315044556', 'г. Самара, проспект Карла Маркса, 178', 'Захарова', 'Светлана', 'Алексеевна', '+7 (846) 264-21-18', 'stom3@samara.ru'),
('ГБУЗ СО «САМАРСКИЙ ОБЛАСТНОЙ КЛИНИЧЕСКИЙ КАРДИОЛОГИЧЕСКИЙ ДИСПАНСЕР»', '6319099887', 'г. Самара, Аэродромная улица, 43', 'Дупляков', 'Дмитрий', 'Викторович', '+7 (846) 263-55-32', 'skkd@samara.ru'),
('ГБУЗ СО «ТОЛЬЯТТИНСКАЯ ГОРОДСКАЯ КЛИНИЧЕСКАЯ БОЛЬНИЦА № 5»', '6320012345', 'г. Тольятти, бульвар Здоровья, 25', 'Иванова', 'Мария', 'Викторовна', '+7 (8482) 79-11-15', 'tgkb5@tlt.ru'),
('ГБУЗ СО «ТОЛЬЯТТИНСКАЯ ГОРОДСКАЯ КЛИНИЧЕСКАЯ ПОЛИКЛИНИКА №3»', '6320034567', 'г. Тольятти, ул. Юбилейная, 73', 'Соколова', 'Татьяна', 'Игоревна', '+7 (8482) 26-21-15', 'tgkp3@tlt.ru'),
('ГБУЗ СО «ТОЛЬЯТТИНСКАЯ СТОМАТОЛОГИЧЕСКАЯ ПОЛИКЛИНИКА №1»', '6320005566', 'г. Тольятти, ул. Юбилейная, 25', 'Петрова', 'Анна', 'Сергеевна', '+7 (8482) 22-31-15', 'stom1@tlt.ru'),
('ГЛАВНОЕ УПРАВЛЕНИЕ ОРГАНИЗАЦИИ ТОРГОВ САМАРСКОЙ ОБЛАСТИ', '6315200118', 'г. Самара, ул. Самарская, 146А', 'Симонов', 'Дмитрий', 'Игоревич', '+7 (846) 332-71-00', 'info@kotso.ru'),
('КОМИТЕТ ПО ОРГАНИЗАЦИИ ТОРГОВ САМАРСКОЙ ОБЛАСТИ', '6315200118', 'г. Самара, ул. Самарская, 146А', 'Симонов', 'Дмитрий', 'Игоревич', '+7 (846) 332-71-00', 'info@kotso.ru'),
('ФГБОУ ВО «САМАРСКИЙ ГОСУДАРСТВЕННЫЙ МЕДИЦИНСКИЙ УНИВЕРСИТЕТ» МИНЗДРАВА РОССИИ', '6315000291', 'г. Самара, ул. Чапаевская, 89', 'Котельников', 'Геннадий', 'Петрович', '+7 (846) 333-29-76', 'info@samsmu.ru');

-- ========== Дистрибьюторы (10) ==========
INSERT INTO distributor (name, inn, address, last_name, first_name, middle_name, phone, email, website) VALUES
('ООО «МедТехРесурс»', '6315099887', 'г. Самара, ул. Авроры, 110', 'Алексеев', 'Константин', 'Михайлович', '+7 (846) 200-00-01', 'info@medtechresurs.ru', 'https://medtechresurs.ru'),
('ООО «Самарамедпром»', '6316200445', 'г. Самара, ул. Антонова-Овсеенко, 44', 'Белова', 'Ольга', 'Дмитриевна', '+7 (846) 200-00-02', 'sales@samaramedprom.ru', 'https://samaramedprom.ru'),
('ООО «Поволжская медтехника»', '6311088550', 'г. Самара, проспект Кирова, 175', 'Волков', 'Роман', 'Сергеевич', '+7 (846) 200-00-03', 'info@povolmedteh.ru', 'https://povolmedteh.ru'),
('ООО «МедОборудование-Самара»', '6314022001', 'г. Самара, ул. Демократическая, 28', 'Громова', 'Татьяна', 'Владимировна', '+7 (846) 200-00-04', 'office@medsamara.ru', 'https://medsamara.ru'),
('ООО «ВолгаМед»', '6312044228', 'г. Самара, ул. Гагарина, 89А', 'Дорофеев', 'Сергей', 'Николаевич', '+7 (846) 200-00-05', 'info@volga-med.ru', 'https://volga-med.ru'),
('ООО «Стэлмас Самара»', '6318055117', 'г. Самара, ул. Промышленности, 278', 'Ерофеев', 'Дмитрий', 'Александрович', '+7 (846) 200-00-06', 'samara@stelmas.ru', 'https://stelmas-samara.ru'),
('ООО «МедИнтерКом»', '6319099333', 'г. Самара, ул. Ново-Садовая, 106Г', 'Жукова', 'Наталья', 'Петровна', '+7 (846) 200-00-07', 'interkom@samara.ru', 'https://medinterkom.ru'),
('ООО «Авиценна Медтех»', '6315023445', 'г. Самара, ул. Спортивная, 12', 'Захаров', 'Виктор', 'Юрьевич', '+7 (846) 200-00-08', 'avicenna@samara.ru', 'https://avicenna-med.ru'),
('ООО «МедСнаб 63»', '6317012009', 'г. Самара, ул. Магистральная, 80', 'Игнатьева', 'Елена', 'Сергеевна', '+7 (846) 200-00-09', 'med63@samara.ru', 'https://medsnab63.ru'),
('ООО «МедКомплект-С»', '6316088447', 'г. Самара, ул. Победы, 86', 'Кириллов', 'Алексей', 'Иванович', '+7 (846) 200-00-10', 'mks@samara.ru', 'https://medkomplekt-s.ru');

-- ========== Каталог оборудования (51) ==========
INSERT INTO med_equipment (name, manufact, equip_type_id, length_mm, width_mm, height_mm, weight_kg, spec) VALUES
('УЗИ-аппарат Mindray DC-70 Pro', 'Mindray', (SELECT id FROM equipment_type WHERE name='УЗИ'), 575, 750, 1390, 95.0, 'Топовый сканер с цветным допплером и эластографией'),
('УЗИ-аппарат Philips Affiniti 70', 'Philips Healthcare', (SELECT id FROM equipment_type WHERE name='УЗИ'), 590, 810, 1450, 110.0, 'Премиум-класс с 4D и матричными датчиками'),
('УЗИ-аппарат GE LOGIQ E10', 'GE Healthcare', (SELECT id FROM equipment_type WHERE name='УЗИ'), 605, 870, 1470, 130.0, 'Премиум-класс с cSound-беамформером'),
('УЗИ-аппарат Samsung HS70A', 'Samsung Medison', (SELECT id FROM equipment_type WHERE name='УЗИ'), 565, 760, 1410, 100.0, 'Универсальный с S-Vue-датчиками'),
('УЗИ-аппарат Mindray DC-90 X-Insight', 'Mindray', (SELECT id FROM equipment_type WHERE name='УЗИ'), 615, 850, 1480, 135.0, 'Премиум с AI-классификацией и 4D'),
('УЗИ-аппарат портативный Mindray ZS3', 'Mindray', (SELECT id FROM equipment_type WHERE name='УЗИ'), 380, 320, 280, 7.5, 'Портативный с 15-дюймовым экраном'),
('Рентген-аппарат Siemens YSIO Max', 'Siemens Healthineers', (SELECT id FROM equipment_type WHERE name='Рентген'), 2200, 1900, 2400, 480.0, 'Цифровая стационарная рентген-система'),
('Рентген-аппарат Philips DigitalDiagnost C90', 'Philips Healthcare', (SELECT id FROM equipment_type WHERE name='Рентген'), 2350, 2000, 2450, 530.0, 'Полуавтоматическая цифровая система'),
('Рентген-аппарат Samsung GC85A', 'Samsung', (SELECT id FROM equipment_type WHERE name='Рентген'), 2280, 1950, 2380, 510.0, 'Беспроводной детектор, потолочное крепление'),
('Рентген-аппарат мобильный GE Optima XR240amx', 'GE Healthcare', (SELECT id FROM equipment_type WHERE name='Рентген'), 1100, 600, 1980, 285.0, 'Мобильный аппарат на колёсах'),
('Рентген-аппарат Carestream DRX-Revolution', 'Carestream Health', (SELECT id FROM equipment_type WHERE name='Рентген'), 1280, 720, 2050, 305.0, 'Мобильный с складной колонной'),
('Флюорограф цифровой ФЦ-01 Электрон', 'АО НИПК Электрон', (SELECT id FROM equipment_type WHERE name='Рентген'), 2100, 1850, 2300, 420.0, 'Российский цифровой флюорограф'),
('Аппарат ИВЛ Hamilton G5', 'Hamilton Medical', (SELECT id FROM equipment_type WHERE name='ИВЛ'), 410, 410, 1380, 38.0, 'Интеллектуальная вентиляция с ASV'),
('Аппарат ИВЛ Drager Evita V300', 'Drager', (SELECT id FROM equipment_type WHERE name='ИВЛ'), 430, 470, 1390, 47.0, 'Универсальный для ОРИТ'),
('Аппарат ИВЛ Philips V60', 'Philips Healthcare', (SELECT id FROM equipment_type WHERE name='ИВЛ'), 380, 390, 850, 16.5, 'Неинвазивная вентиляция'),
('Аппарат ИВЛ Mindray SV300', 'Mindray', (SELECT id FROM equipment_type WHERE name='ИВЛ'), 415, 405, 1320, 40.0, 'Стационарный с компенсацией утечек'),
('Аппарат ИВЛ УОМЗ Авента-М', 'УОМЗ', (SELECT id FROM equipment_type WHERE name='ИВЛ'), 395, 365, 1240, 42.0, 'Отечественный для реанимации'),
('Аппарат ИВЛ Drager Babylog VN500', 'Drager', (SELECT id FROM equipment_type WHERE name='ИВЛ'), 410, 420, 1420, 51.0, 'Неонатальный с поддержкой HFOV'),
('Монитор пациента Mindray BeneVision N12', 'Mindray', (SELECT id FROM equipment_type WHERE name='Монитор пациента'), 380, 280, 320, 7.5, '12-дюймовый сенсорный, мультимодульный'),
('Монитор пациента Philips IntelliVue MX700', 'Philips Healthcare', (SELECT id FROM equipment_type WHERE name='Монитор пациента'), 420, 310, 380, 9.5, 'Премиум с расширенной телеметрией'),
('Монитор пациента GE Carescape B650', 'GE Healthcare', (SELECT id FROM equipment_type WHERE name='Монитор пациента'), 400, 290, 350, 8.5, 'Универсальный для всех ОРИТ'),
('Монитор пациента Mindray iMEC 12', 'Mindray', (SELECT id FROM equipment_type WHERE name='Монитор пациента'), 360, 270, 310, 5.8, '12-канальный с ЭКГ'),
('Монитор пациента Spacelabs XPREZZON', 'Spacelabs Healthcare', (SELECT id FROM equipment_type WHERE name='Монитор пациента'), 405, 295, 340, 7.8, 'Модульный, расширяемый'),
('Монитор пациента Mindray BeneView T8', 'Mindray', (SELECT id FROM equipment_type WHERE name='Монитор пациента'), 450, 320, 410, 12.0, 'Топовый с двумя экранами'),
('Компьютерный томограф Siemens SOMATOM Drive', 'Siemens Healthineers', (SELECT id FROM equipment_type WHERE name='Компьютерный томограф'), 2350, 2580, 1950, 2800.0, 'Двухтрубочный 192-срезовый'),
('Компьютерный томограф GE Revolution CT', 'GE Healthcare', (SELECT id FROM equipment_type WHERE name='Компьютерный томограф'), 2480, 2640, 2010, 3100.0, '256-срезовый, one-beat'),
('Компьютерный томограф Philips Brilliance iCT', 'Philips Healthcare', (SELECT id FROM equipment_type WHERE name='Компьютерный томограф'), 2420, 2580, 1970, 2950.0, '256-срезовый с iDose4'),
('Компьютерный томограф Canon Aquilion ONE', 'Canon Medical Systems', (SELECT id FROM equipment_type WHERE name='Компьютерный томограф'), 2390, 2540, 1940, 2870.0, '320-срезовый объёмный'),
('Компьютерный томограф GE Optima CT520', 'GE Healthcare', (SELECT id FROM equipment_type WHERE name='Компьютерный томограф'), 2280, 2480, 1880, 2650.0, '16-срезовый для районных больниц'),
('Компьютерный томограф GE Revolution EVO', 'GE Healthcare', (SELECT id FROM equipment_type WHERE name='Компьютерный томограф'), 2390, 2580, 1950, 2780.0, '64-срезовый с AI-реконструкцией'),
('МРТ-аппарат Siemens MAGNETOM Aera 1.5T', 'Siemens Healthineers', (SELECT id FROM equipment_type WHERE name='Магнитно-резонансный томограф'), 2480, 2210, 1980, 4500.0, '1.5 Тесла, туннель 70 см'),
('МРТ-аппарат Philips Ingenia 3.0T', 'Philips Healthcare', (SELECT id FROM equipment_type WHERE name='Магнитно-резонансный томограф'), 2560, 2300, 2050, 5200.0, '3.0 Тесла с dStream'),
('МРТ-аппарат GE SIGNA Architect 3.0T', 'GE Healthcare', (SELECT id FROM equipment_type WHERE name='Магнитно-резонансный томограф'), 2540, 2280, 2030, 5100.0, '3.0 Тесла с AIR Coils'),
('МРТ-аппарат Philips Achieva 1.5T', 'Philips Healthcare', (SELECT id FROM equipment_type WHERE name='Магнитно-резонансный томограф'), 2470, 2200, 1970, 4400.0, '1.5 Тесла классический'),
('Электрокардиограф Schiller AT-10 plus', 'Schiller', (SELECT id FROM equipment_type WHERE name='ЭКГ'), 410, 320, 110, 8.5, '12-канальный с телеметрией'),
('Электрокардиограф Philips PageWriter TC70', 'Philips Healthcare', (SELECT id FROM equipment_type WHERE name='ЭКГ'), 425, 330, 120, 9.0, 'Расширенный анализ ритма'),
('Электрокардиограф Mindray BeneHeart R12', 'Mindray', (SELECT id FROM equipment_type WHERE name='ЭКГ'), 405, 315, 105, 7.5, '12-канальный с цветным экраном'),
('Электрокардиограф ЭКГ-Аксион ЭК12Т-01', 'Альтоника', (SELECT id FROM equipment_type WHERE name='ЭКГ'), 360, 280, 95, 6.0, 'Отечественный портативный'),
('Дефибриллятор Philips HeartStart XL+', 'Philips Healthcare', (SELECT id FROM equipment_type WHERE name='Дефибриллятор'), 320, 240, 280, 6.8, 'Монитор-дефибриллятор с пейсингом'),
('Дефибриллятор Mindray BeneHeart D3', 'Mindray', (SELECT id FROM equipment_type WHERE name='Дефибриллятор'), 290, 220, 240, 4.5, 'Портативный бифазный'),
('Дефибриллятор ZOLL R Series', 'ZOLL Medical', (SELECT id FROM equipment_type WHERE name='Дефибриллятор'), 330, 250, 290, 7.2, 'Профессиональный с See-Thru CPR'),
('Дефибриллятор ДКИ-Н-10 Альтоника', 'Альтоника', (SELECT id FROM equipment_type WHERE name='Дефибриллятор'), 300, 230, 250, 5.5, 'Отечественный с бифазным импульсом'),
('Иммунохимический анализатор Roche cobas e411', 'Roche Diagnostics', (SELECT id FROM equipment_type WHERE name='Лабораторный анализатор'), 1380, 750, 1370, 220.0, 'Электрохемилюминесцентный'),
('Биохимический анализатор Beckman Coulter AU680', 'Beckman Coulter', (SELECT id FROM equipment_type WHERE name='Лабораторный анализатор'), 1450, 820, 1380, 245.0, '800 тестов/час'),
('Гематологический анализатор Sysmex XN-1000', 'Sysmex', (SELECT id FROM equipment_type WHERE name='Лабораторный анализатор'), 950, 680, 1100, 130.0, '5-Diff с флуоресценцией'),
('Анализатор гемостаза Stago STA Compact Max', 'Diagnostica Stago', (SELECT id FROM equipment_type WHERE name='Лабораторный анализатор'), 870, 600, 950, 110.0, 'Автоматический коагулометр'),
('Видеоэндоскоп Olympus EVIS EXERA III CV-190', 'Olympus', (SELECT id FROM equipment_type WHERE name='Эндоскоп'), 410, 480, 380, 25.0, 'HD-видеосистема с NBI'),
('Видеоэндоскоп Fujifilm EG-580RD', 'Fujifilm', (SELECT id FROM equipment_type WHERE name='Эндоскоп'), 1700, 95, 95, 1.2, 'Гастроскоп с Blue Light Imaging'),
('Видеоэндоскоп Pentax EPK-i7010', 'Pentax Medical', (SELECT id FROM equipment_type WHERE name='Эндоскоп'), 410, 460, 370, 22.5, 'С i-SCAN системой'),
('Гибкий бронхоскоп Olympus BF-H190', 'Olympus', (SELECT id FROM equipment_type WHERE name='Эндоскоп'), 1180, 65, 65, 0.8, 'С HD-изображением'),
('Видеоколоноскоп Olympus CF-HQ190', 'Olympus', (SELECT id FROM equipment_type WHERE name='Эндоскоп'), 1680, 130, 50, 1.0, 'С NBI и ESD-режимом');

-- ========== Реальные тендеры с zakupki.gov.ru (128) ==========
INSERT INTO tender (tender_number, facility_id, status, purchase_type, deadline, publish_date, total_cost, description, delivery_address, contact_last_name, contact_first_name, contact_middle_name, contact_phone, contact_email) VALUES
('0142200001326011043', 17, 'COMPLETED', 'ELECTRONIC_AUCTION', DATE '2026-05-25', DATE '2026-03-13', 3080420.26, 'Капитальный ремонт помещений под размещение рентгеновского аппарата', 'г. Самара, ул. Самарская, 146А', 'Симонов', 'Дмитрий', 'Игоревич', '+7 (846) 332-71-00', 'info@kotso.ru'),
('0342300139726000040', 3, 'COMPLETED', 'PAPER_TENDER', DATE '2026-05-08', DATE '2026-03-18', 644402.69, 'Разработка рабочей документации на подготовку помещений под рентгенодиагностический комплекс', 'Самарская обл., с. Клявлино, ул. Советская, 23', 'Антонов', 'Сергей', 'Петрович', '+7 (84653) 2-13-45', 'klyavlino-crb@samara.ru'),
('0342200006526000272', 1, 'COMPLETED', 'PAPER_TENDER', DATE '2026-05-08', DATE '2026-01-13', 687000.0, 'Поставка кассеты для цифровой рентгенографии', 'г. Самара, ул. Ташкентская, 159', 'Карсанов', 'Игорь', 'Геннадьевич', '+7 (846) 372-30-30', 'skb@samaramed.ru'),
('0142200001326009945', 17, 'COMPLETED', 'ELECTRONIC_AUCTION', DATE '2026-05-07', DATE '2026-01-20', 632000.0, 'Ремонт медицинского рентгеновского оборудования', 'г. Самара, ул. Самарская, 146А', 'Симонов', 'Дмитрий', 'Игоревич', '+7 (846) 332-71-00', 'info@kotso.ru'),
('0142200001326009529', 17, 'COMPLETED', 'ELECTRONIC_AUCTION', DATE '2026-05-04', DATE '2026-01-22', 12350000.0, 'Поставка системы флюорографической рентгеновской для больницы', 'г. Самара, ул. Самарская, 146А', 'Симонов', 'Дмитрий', 'Игоревич', '+7 (846) 332-71-00', 'info@kotso.ru'),
('0142200001326009480', 17, 'COMPLETED', 'ELECTRONIC_AUCTION', DATE '2026-05-04', DATE '2026-02-13', 840000.0, 'Расходные материалы для рентгеноконтрастного введения', 'г. Самара, ул. Самарская, 146А', 'Симонов', 'Дмитрий', 'Игоревич', '+7 (846) 332-71-00', 'info@kotso.ru'),
('0142200001326009329', 17, 'COMPLETED', 'ELECTRONIC_AUCTION', DATE '2026-04-30', DATE '2026-02-18', 988544.0, 'Поставка рентгеновской пленки для учреждений', 'г. Самара, ул. Самарская, 146А', 'Симонов', 'Дмитрий', 'Игоревич', '+7 (846) 332-71-00', 'info@kotso.ru'),
('0142200001326008947', 17, 'COMPLETED', 'ELECTRONIC_AUCTION', DATE '2026-04-27', DATE '2026-02-19', 195000.0, 'Кассета для рентгенодиагностического комплекса Apollo', 'г. Самара, ул. Самарская, 146А', 'Симонов', 'Дмитрий', 'Игоревич', '+7 (846) 332-71-00', 'info@kotso.ru'),
('0142200001326008188', 17, 'COMPLETED', 'ELECTRONIC_AUCTION', DATE '2026-04-17', DATE '2025-11-15', 23715765.07, 'Ремонт ангиографической рентгеновской системы Optima IGS 330', 'г. Самара, ул. Самарская, 146А', 'Симонов', 'Дмитрий', 'Игоревич', '+7 (846) 332-71-00', 'info@kotso.ru'),
('0142200001326007357', 17, 'COMPLETED', 'ELECTRONIC_AUCTION', DATE '2026-04-08', DATE '2026-02-14', 9450000.0, 'Поставка передвижной рентгеновской системы С-дуга', 'г. Самара, ул. Самарская, 146А', 'Симонов', 'Дмитрий', 'Игоревич', '+7 (846) 332-71-00', 'info@kotso.ru'),
('0342200006526000173', 1, 'COMPLETED', 'PAPER_TENDER', DATE '2026-03-31', DATE '2026-02-07', 106000.0, 'Расходные материалы для рентген отделения', 'г. Самара, ул. Ташкентская, 159', 'Карсанов', 'Игорь', 'Геннадьевич', '+7 (846) 372-30-30', 'skb@samaramed.ru'),
('0142200001326006533', 17, 'COMPLETED', 'ELECTRONIC_AUCTION', DATE '2026-03-31', DATE '2026-01-22', 748516.5, 'Ремонт кабинета стоматологии и рентгенкабинета', 'г. Самара, ул. Самарская, 146А', 'Симонов', 'Дмитрий', 'Игоревич', '+7 (846) 332-71-00', 'info@kotso.ru'),
('0142200001326006083', 17, 'COMPLETED', 'ELECTRONIC_AUCTION', DATE '2026-03-27', DATE '2025-12-17', 1417580.0, 'Техническое обслуживание рентгеновского медицинского оборудования', 'г. Самара, ул. Самарская, 146А', 'Симонов', 'Дмитрий', 'Игоревич', '+7 (846) 332-71-00', 'info@kotso.ru'),
('0142200001326005406', 17, 'COMPLETED', 'ELECTRONIC_AUCTION', DATE '2026-03-19', DATE '2025-12-05', 303600.0, 'Услуги рентгенологических исследований (маммография и рентгенография)', 'г. Самара, ул. Самарская, 146А', 'Симонов', 'Дмитрий', 'Игоревич', '+7 (846) 332-71-00', 'info@kotso.ru'),
('0142200001326005404', 17, 'COMPLETED', 'ELECTRONIC_AUCTION', DATE '2026-03-19', DATE '2025-09-26', 12350000.0, 'Рентгеновская система флюорографическая передвижная', 'г. Самара, ул. Самарская, 146А', 'Симонов', 'Дмитрий', 'Игоревич', '+7 (846) 332-71-00', 'info@kotso.ru'),
('0142200001326004675', 17, 'COMPLETED', 'ELECTRONIC_AUCTION', DATE '2026-03-10', DATE '2026-01-18', 210000.0, 'Техническое обслуживание вспомогательного оборудования рентгеноотделения', 'г. Самара, ул. Самарская, 146А', 'Симонов', 'Дмитрий', 'Игоревич', '+7 (846) 332-71-00', 'info@kotso.ru'),
('0342300020526000009', 15, 'COMPLETED', 'PAPER_TENDER', DATE '2026-03-10', DATE '2025-12-05', 109000.0, 'Поставка фартуков рентгенозащитных', 'г. Тольятти, ул. Юбилейная, 25', 'Петрова', 'Анна', 'Сергеевна', '+7 (8482) 22-31-15', 'stom1@tlt.ru'),
('0142200001326003451', 17, 'COMPLETED', 'ELECTRONIC_AUCTION', DATE '2026-03-02', DATE '2025-10-01', 23715765.07, 'Ремонт ангиографической рентгеноскопической системы Optima IGS 330', 'г. Самара, ул. Самарская, 146А', 'Симонов', 'Дмитрий', 'Игоревич', '+7 (846) 332-71-00', 'info@kotso.ru'),
('0342300020526000007', 15, 'COMPLETED', 'PAPER_TENDER', DATE '2026-03-03', DATE '2025-11-22', 55813.8, 'Техническое обслуживание рентгенологического оборудования', 'г. Тольятти, ул. Юбилейная, 25', 'Петрова', 'Анна', 'Сергеевна', '+7 (8482) 22-31-15', 'stom1@tlt.ru'),
('0142200001326003047', 17, 'COMPLETED', 'ELECTRONIC_AUCTION', DATE '2026-03-02', DATE '2025-09-24', 200000.0, 'Техническое обслуживание медицинского оборудования с рентгеном', 'г. Самара, ул. Самарская, 146А', 'Симонов', 'Дмитрий', 'Игоревич', '+7 (846) 332-71-00', 'info@kotso.ru'),
('0142200001326002957', 17, 'COMPLETED', 'ELECTRONIC_AUCTION', DATE '2026-02-26', DATE '2025-11-02', 465000.0, 'Дозиметрические измерения рентгеновского излучения', 'г. Самара, ул. Самарская, 146А', 'Симонов', 'Дмитрий', 'Игоревич', '+7 (846) 332-71-00', 'info@kotso.ru'),
('0342300209026000008', 5, 'COMPLETED', 'PAPER_TENDER', DATE '2026-02-18', DATE '2026-01-03', 131675.0, 'Технические испытания в рентгенологическом отделении', 'г. Самара, ул. Льва Толстого, 136', 'Тарасов', 'Сергей', 'Иванович', '+7 (846) 333-31-77', 'polik1@samara.ru'),
('0142200001326001929', 17, 'COMPLETED', 'ELECTRONIC_AUCTION', DATE '2026-02-18', DATE '2025-11-25', 480000.0, 'Ремонт рентгенодиагностического комплекса Apollo', 'г. Самара, ул. Самарская, 146А', 'Симонов', 'Дмитрий', 'Игоревич', '+7 (846) 332-71-00', 'info@kotso.ru'),
('0142200001326001843', 17, 'COMPLETED', 'ELECTRONIC_AUCTION', DATE '2026-02-18', DATE '2025-09-18', 91200.0, 'Техническое обслуживание медицинской техники (рентген)', 'г. Самара, ул. Самарская, 146А', 'Симонов', 'Дмитрий', 'Игоревич', '+7 (846) 332-71-00', 'info@kotso.ru'),
('0142200001326001240', 17, 'COMPLETED', 'ELECTRONIC_AUCTION', DATE '2026-02-13', DATE '2025-10-04', 1900000.0, 'Техническое обслуживание и ремонт рентгеновских аппаратов', 'г. Самара, ул. Самарская, 146А', 'Симонов', 'Дмитрий', 'Игоревич', '+7 (846) 332-71-00', 'info@kotso.ru'),
('0142200001326000481', 17, 'COMPLETED', 'ELECTRONIC_AUCTION', DATE '2026-02-04', DATE '2025-10-11', 400000.0, 'Обслуживание и ремонт рентгеновского оборудования', 'г. Самара, ул. Самарская, 146А', 'Симонов', 'Дмитрий', 'Игоревич', '+7 (846) 332-71-00', 'info@kotso.ru'),
('0142200001326000218', 17, 'COMPLETED', 'ELECTRONIC_AUCTION', DATE '2026-01-30', DATE '2025-11-07', 1400000.0, 'Техническое обслуживание и ремонт рентгеновского оборудования', 'г. Самара, ул. Самарская, 146А', 'Симонов', 'Дмитрий', 'Игоревич', '+7 (846) 332-71-00', 'info@kotso.ru'),
('0142200001326009386', 17, 'COMPLETED', 'ELECTRONIC_AUCTION', DATE '2026-04-30', DATE '2026-01-20', 275510.0, 'Поставка монитора пациента многофункционального для Похвистневской ЦРБ', 'г. Самара, ул. Самарская, 146А', 'Симонов', 'Дмитрий', 'Игоревич', '+7 (846) 332-71-00', 'info@kotso.ru'),
('0142200001325014492', 17, 'COMPLETED', 'ELECTRONIC_AUCTION', DATE '2025-06-19', DATE '2025-02-08', 1809770.66, 'Поставка системы мониторинга физиологических показателей нескольких пациентов', 'г. Самара, ул. Самарская, 146А', 'Симонов', 'Дмитрий', 'Игоревич', '+7 (846) 332-71-00', 'info@kotso.ru'),
('0142200001325012098', 17, 'COMPLETED', 'ELECTRONIC_AUCTION', DATE '2025-05-21', DATE '2025-03-11', 995000.0, 'Оказание услуг по поверке средств измерения медицинского оборудования', 'г. Самара, ул. Самарская, 146А', 'Симонов', 'Дмитрий', 'Игоревич', '+7 (846) 332-71-00', 'info@kotso.ru'),
('0142200001325005385', 17, 'COMPLETED', 'ELECTRONIC_AUCTION', DATE '2025-03-14', DATE '2025-01-05', 190000.0, 'Поставка монитора пациента для Отрадненской городской больницы', 'г. Самара, ул. Самарская, 146А', 'Симонов', 'Дмитрий', 'Игоревич', '+7 (846) 332-71-00', 'info@kotso.ru'),
('0142200001325005382', 17, 'COMPLETED', 'ELECTRONIC_AUCTION', DATE '2025-03-31', DATE '2024-11-09', 162300.0, 'Поставка монитора пациента для Самарской городской поликлиники №1', 'г. Самара, ул. Самарская, 146А', 'Симонов', 'Дмитрий', 'Игоревич', '+7 (846) 332-71-00', 'info@kotso.ru'),
('0142200001324013039', 16, 'COMPLETED', 'ELECTRONIC_AUCTION', DATE '2024-06-11', DATE '2024-04-03', 112008.0, 'Поставка модулей системы мониторинга состояния пациента', 'г. Самара, ул. Самарская, 146А', 'Симонов', 'Дмитрий', 'Игоревич', '+7 (846) 332-71-00', 'info@kotso.ru'),
('0142200001322015755', 16, 'COMPLETED', 'ELECTRONIC_AUCTION', DATE '2022-07-20', DATE '2022-03-06', 13360064.87, 'Реагенты для выявления и мониторинга состояния пациентов с ВИЧ', 'г. Самара, ул. Самарская, 146А', 'Симонов', 'Дмитрий', 'Игоревич', '+7 (846) 332-71-00', 'info@kotso.ru'),
('0142200001322013590', 16, 'COMPLETED', 'ELECTRONIC_AUCTION', DATE '2022-06-22', DATE '2022-02-09', 22350240.0, 'Поставка медицинского оборудования (мониторы пациента, комплекс Холтеровский)', 'г. Самара, ул. Самарская, 146А', 'Симонов', 'Дмитрий', 'Игоревич', '+7 (846) 332-71-00', 'info@kotso.ru'),
('0142200001321021828', 16, 'COMPLETED', 'ELECTRONIC_AUCTION', DATE '2021-10-07', DATE '2021-06-17', 117200.0, 'Поставка кабеля пациента для холтеровского мониторирования', 'г. Самара, ул. Самарская, 146А', 'Симонов', 'Дмитрий', 'Игоревич', '+7 (846) 332-71-00', 'info@kotso.ru'),
('0142200001320010989', 16, 'COMPLETED', 'ELECTRONIC_AUCTION', DATE '2020-06-29', DATE '2020-05-04', 500000.0, 'Поставка монитора пациента прикроватного для Сызранской городской больницы №2', 'г. Самара, ул. Самарская, 146А', 'Симонов', 'Дмитрий', 'Игоревич', '+7 (846) 332-71-00', 'info@kotso.ru'),
('0142200001320010830', 16, 'COMPLETED', 'ELECTRONIC_AUCTION', DATE '2020-06-25', DATE '2020-01-15', 1000000.0, 'Поставка монитора пациента для Самарской областной клинической гериатрической больницы', 'г. Самара, ул. Самарская, 146А', 'Симонов', 'Дмитрий', 'Игоревич', '+7 (846) 332-71-00', 'info@kotso.ru'),
('0142200001320010779', 16, 'COMPLETED', 'ELECTRONIC_AUCTION', DATE '2020-06-25', DATE '2020-04-10', 1500000.0, 'Поставка мониторов пациента прикроватных для кардиологического диспансера', 'г. Самара, ул. Самарская, 146А', 'Симонов', 'Дмитрий', 'Игоревич', '+7 (846) 332-71-00', 'info@kotso.ru'),
('0142200001320008809', 16, 'COMPLETED', 'ELECTRONIC_AUCTION', DATE '2020-05-22', DATE '2020-01-02', 3000000.0, 'Поставка мониторов пациента для оснащения отделения анестезиологии и реанимации', 'г. Самара, ул. Самарская, 146А', 'Симонов', 'Дмитрий', 'Игоревич', '+7 (846) 332-71-00', 'info@kotso.ru'),
('0142200001320008339', 16, 'COMPLETED', 'ELECTRONIC_AUCTION', DATE '2020-05-13', DATE '2020-03-09', 1500000.0, 'Поставка мониторов пациента прикроватных для госпиталя ветеранов войн', 'г. Самара, ул. Самарская, 146А', 'Симонов', 'Дмитрий', 'Игоревич', '+7 (846) 332-71-00', 'info@kotso.ru'),
('0142200001320008247', 16, 'COMPLETED', 'ELECTRONIC_AUCTION', DATE '2020-05-07', DATE '2020-01-08', 3000000.0, 'Поставка мониторов пациента для оснащения отделения анестезиологии и реанимации (вторая партия)', 'г. Самара, ул. Самарская, 146А', 'Симонов', 'Дмитрий', 'Игоревич', '+7 (846) 332-71-00', 'info@kotso.ru'),
('0142200001320007921', 16, 'COMPLETED', 'ELECTRONIC_AUCTION', DATE '2020-05-07', DATE '2019-12-22', 1500000.0, 'Поставка монитора пациента прикроватного для Похвистневской ЦРБ', 'г. Самара, ул. Самарская, 146А', 'Симонов', 'Дмитрий', 'Игоревич', '+7 (846) 332-71-00', 'info@kotso.ru'),
('0142200001319011621', 16, 'COMPLETED', 'ELECTRONIC_AUCTION', DATE '2019-08-12', DATE '2019-05-10', 313724.0, 'Поставка кабелей для мониторов пациента в отделение реанимации новорождённых', 'г. Самара, ул. Самарская, 146А', 'Симонов', 'Дмитрий', 'Игоревич', '+7 (846) 332-71-00', 'info@kotso.ru'),
('0142200001318001851', 16, 'COMPLETED', 'ELECTRONIC_AUCTION', DATE '2018-03-15', DATE '2018-01-12', 4103452.88, 'Поставка монитора пациента для Самарской областной клинической больницы им. В.Д. Середавина', 'г. Самара, ул. Самарская, 146А', 'Симонов', 'Дмитрий', 'Игоревич', '+7 (846) 332-71-00', 'info@kotso.ru'),
('0142200001317009514', 16, 'COMPLETED', 'ELECTRONIC_AUCTION', DATE '2017-10-02', DATE '2017-08-07', 4994900.0, 'Поставка центральной мониторной станции с мониторами пациента', 'г. Самара, ул. Самарская, 146А', 'Симонов', 'Дмитрий', 'Игоревич', '+7 (846) 332-71-00', 'info@kotso.ru'),
('0142200001317009513', 16, 'COMPLETED', 'ELECTRONIC_AUCTION', DATE '2017-09-06', DATE '2017-05-26', 2800000.0, 'Поставка мониторов пациента для Самарской областной клинической больницы им. В.Д. Середавина', 'г. Самара, ул. Самарская, 146А', 'Симонов', 'Дмитрий', 'Игоревич', '+7 (846) 332-71-00', 'info@kotso.ru'),
('0142200001326009268', 17, 'COMPLETED', 'ELECTRONIC_AUCTION', DATE '2026-04-30', DATE '2026-01-01', 8961168.4, 'Выполнение работ по ремонту системы компьютерной томографии', 'г. Самара, ул. Самарская, 146А', 'Симонов', 'Дмитрий', 'Игоревич', '+7 (846) 332-71-00', 'info@kotso.ru'),
('0142200001326008348', 17, 'COMPLETED', 'ELECTRONIC_AUCTION', DATE '2026-04-22', DATE '2026-02-16', 18150000.0, 'Выполнение работ по ремонту системы компьютерной томографии (повторно)', 'г. Самара, ул. Самарская, 146А', 'Симонов', 'Дмитрий', 'Игоревич', '+7 (846) 332-71-00', 'info@kotso.ru'),
('0142200001326007136', 17, 'COMPLETED', 'ELECTRONIC_AUCTION', DATE '2026-04-06', DATE '2025-12-23', 1000000.0, 'Услуги по техническому обслуживанию и ремонту медицинского оборудования', 'г. Самара, ул. Самарская, 146А', 'Симонов', 'Дмитрий', 'Игоревич', '+7 (846) 332-71-00', 'info@kotso.ru'),
('0142200001326006380', 17, 'COMPLETED', 'ELECTRONIC_AUCTION', DATE '2026-03-30', DATE '2026-01-19', 163200.0, 'Оказание медицинских услуг (Магнитно-резонансная томография)', 'г. Самара, ул. Самарская, 146А', 'Симонов', 'Дмитрий', 'Игоревич', '+7 (846) 332-71-00', 'info@kotso.ru'),
('0142200001325032293', 17, 'COMPLETED', 'ELECTRONIC_AUCTION', DATE '2026-01-20', DATE '2025-08-31', 7000000.0, 'Выполнение работ по техническому обслуживанию и ремонту медицинского оборудования', 'г. Самара, ул. Самарская, 146А', 'Симонов', 'Дмитрий', 'Игоревич', '+7 (846) 332-71-00', 'info@kotso.ru'),
('0142200001325030794', 17, 'COMPLETED', 'ELECTRONIC_AUCTION', DATE '2025-12-26', DATE '2025-09-01', 720000.0, 'Оказание услуг по техническому обслуживанию компьютерного томографа', 'г. Самара, ул. Самарская, 146А', 'Симонов', 'Дмитрий', 'Игоревич', '+7 (846) 332-71-00', 'info@kotso.ru'),
('0142200001325030383', 17, 'COMPLETED', 'ELECTRONIC_AUCTION', DATE '2025-12-24', DATE '2025-07-16', 8258089.78, 'Капитальный ремонт по подготовке помещений для размещения МРТ', 'г. Самара, ул. Самарская, 146А', 'Симонов', 'Дмитрий', 'Игоревич', '+7 (846) 332-71-00', 'info@kotso.ru'),
('0142200001325026905', 17, 'COMPLETED', 'ELECTRONIC_AUCTION', DATE '2025-11-28', DATE '2025-07-13', 1094440.0, 'Техническое обслуживание и ремонт компьютерного томографа', 'г. Самара, ул. Самарская, 146А', 'Симонов', 'Дмитрий', 'Игоревич', '+7 (846) 332-71-00', 'info@kotso.ru'),
('0142200001325025597', 17, 'COMPLETED', 'ELECTRONIC_AUCTION', DATE '2025-11-18', DATE '2025-08-24', 13437000.0, 'Выполнение работ по ремонту медицинского оборудования (КТ)', 'г. Самара, ул. Самарская, 146А', 'Симонов', 'Дмитрий', 'Игоревич', '+7 (846) 332-71-00', 'info@kotso.ru'),
('0142200001325025408', 17, 'COMPLETED', 'ELECTRONIC_AUCTION', DATE '2025-11-17', DATE '2025-07-01', 19500000.0, 'Ремонт медицинского оборудования (Томограф рентгеновский компьютерный)', 'г. Самара, ул. Самарская, 146А', 'Симонов', 'Дмитрий', 'Игоревич', '+7 (846) 332-71-00', 'info@kotso.ru'),
('0142200001325024738', 17, 'COMPLETED', 'ELECTRONIC_AUCTION', DATE '2025-11-10', DATE '2025-06-28', 5200000.0, 'Поставка системы конусно-лучевой компьютерной томографии', 'г. Самара, ул. Самарская, 146А', 'Симонов', 'Дмитрий', 'Игоревич', '+7 (846) 332-71-00', 'info@kotso.ru'),
('0142200001325024197', 17, 'COMPLETED', 'ELECTRONIC_AUCTION', DATE '2025-10-31', DATE '2025-07-25', 408000.0, 'Комплексное обслуживание томографа компьютерного', 'г. Самара, ул. Самарская, 146А', 'Симонов', 'Дмитрий', 'Игоревич', '+7 (846) 332-71-00', 'info@kotso.ru'),
('0142200001325024166', 17, 'COMPLETED', 'ELECTRONIC_AUCTION', DATE '2025-10-30', DATE '2025-07-09', 68000000.0, 'Поставка медицинского изделия (система рентгеновской КТ всего тела)', 'г. Самара, ул. Самарская, 146А', 'Симонов', 'Дмитрий', 'Игоревич', '+7 (846) 332-71-00', 'info@kotso.ru'),
('0142200001325023538', 17, 'COMPLETED', 'ELECTRONIC_AUCTION', DATE '2025-10-27', DATE '2025-08-25', 180000.0, 'Техническое обслуживание компьютерного томографа', 'г. Самара, ул. Самарская, 146А', 'Симонов', 'Дмитрий', 'Игоревич', '+7 (846) 332-71-00', 'info@kotso.ru'),
('0142200001325023527', 17, 'COMPLETED', 'ELECTRONIC_AUCTION', DATE '2025-10-27', DATE '2025-07-31', 1000000.0, 'Услуги по проведению МРТ и КТ головного мозга', 'г. Самара, ул. Самарская, 146А', 'Симонов', 'Дмитрий', 'Игоревич', '+7 (846) 332-71-00', 'info@kotso.ru'),
('0142200001325022705', 17, 'COMPLETED', 'ELECTRONIC_AUCTION', DATE '2025-10-17', DATE '2025-07-02', 21640000.0, 'Поставка системы оптической когерентной томографии сетчатки', 'г. Самара, ул. Самарская, 146А', 'Симонов', 'Дмитрий', 'Игоревич', '+7 (846) 332-71-00', 'info@kotso.ru'),
('0142200001325022440', 17, 'COMPLETED', 'ELECTRONIC_AUCTION', DATE '2025-10-14', DATE '2025-07-20', 68000000.0, 'Поставка медицинского изделия (система рентгеновской КТ) — лот 2', 'г. Самара, ул. Самарская, 146А', 'Симонов', 'Дмитрий', 'Игоревич', '+7 (846) 332-71-00', 'info@kotso.ru'),
('0142200001325022427', 17, 'COMPLETED', 'ELECTRONIC_AUCTION', DATE '2025-10-14', DATE '2025-05-04', 1000000.0, 'Услуги по проведению МРТ и КТ головного мозга (повторный аукцион)', 'г. Самара, ул. Самарская, 146А', 'Симонов', 'Дмитрий', 'Игоревич', '+7 (846) 332-71-00', 'info@kotso.ru'),
('0142200001325021981', 17, 'COMPLETED', 'ELECTRONIC_AUCTION', DATE '2025-10-07', DATE '2025-05-18', 6234176.5, 'Выполнение капитального ремонта под размещение МРТ (объект 1)', 'г. Самара, ул. Самарская, 146А', 'Симонов', 'Дмитрий', 'Игоревич', '+7 (846) 332-71-00', 'info@kotso.ru'),
('0142200001325021218', 17, 'COMPLETED', 'ELECTRONIC_AUCTION', DATE '2025-09-23', DATE '2025-06-01', 21292800.46, 'Ремонт томографа компьютерного Revolution EVO', 'г. Самара, ул. Самарская, 146А', 'Симонов', 'Дмитрий', 'Игоревич', '+7 (846) 332-71-00', 'info@kotso.ru'),
('0142200001325020549', 17, 'COMPLETED', 'ELECTRONIC_AUCTION', DATE '2025-09-11', DATE '2025-06-02', 14853699.76, 'Ремонт медицинского оборудования (КТ с мультиспиральным сканированием)', 'г. Самара, ул. Самарская, 146А', 'Симонов', 'Дмитрий', 'Игоревич', '+7 (846) 332-71-00', 'info@kotso.ru'),
('0142200001325020452', 17, 'COMPLETED', 'ELECTRONIC_AUCTION', DATE '2025-09-10', DATE '2025-05-05', 4400681.22, 'Капитальный ремонт под размещение МРТ (объект 2)', 'г. Самара, ул. Самарская, 146А', 'Симонов', 'Дмитрий', 'Игоревич', '+7 (846) 332-71-00', 'info@kotso.ru'),
('0142200001325019377', 17, 'COMPLETED', 'ELECTRONIC_AUCTION', DATE '2025-08-26', DATE '2025-06-28', 2323832.8, 'Подготовка помещений (капитальный ремонт) под размещение КТ', 'г. Самара, ул. Самарская, 146А', 'Симонов', 'Дмитрий', 'Игоревич', '+7 (846) 332-71-00', 'info@kotso.ru'),
('0142200001325015776', 17, 'COMPLETED', 'ELECTRONIC_AUCTION', DATE '2025-07-07', DATE '2025-03-26', 6520000.0, 'Ремонт томографа компьютерного Optima CT520', 'г. Самара, ул. Самарская, 146А', 'Симонов', 'Дмитрий', 'Игоревич', '+7 (846) 332-71-00', 'info@kotso.ru'),
('0142200001325014352', 17, 'COMPLETED', 'ELECTRONIC_AUCTION', DATE '2025-06-16', DATE '2025-04-24', 10820000.0, 'Поставка системы оптической когерентной томографии сетчатки (повтор)', 'г. Самара, ул. Самарская, 146А', 'Симонов', 'Дмитрий', 'Игоревич', '+7 (846) 332-71-00', 'info@kotso.ru'),
('0142200001325010347', 17, 'COMPLETED', 'ELECTRONIC_AUCTION', DATE '2025-04-28', DATE '2024-12-24', 1800000.0, 'Техническое обслуживание томографа (на 2026 г.)', 'г. Самара, ул. Самарская, 146А', 'Симонов', 'Дмитрий', 'Игоревич', '+7 (846) 332-71-00', 'info@kotso.ru'),
('0142200001325009928', 17, 'COMPLETED', 'ELECTRONIC_AUCTION', DATE '2025-04-28', DATE '2024-12-02', 5300000.0, 'Ремонт томографа магнитно-резонансного Achieva', 'г. Самара, ул. Самарская, 146А', 'Симонов', 'Дмитрий', 'Игоревич', '+7 (846) 332-71-00', 'info@kotso.ru'),
('0142200001325006642', 17, 'COMPLETED', 'ELECTRONIC_AUCTION', DATE '2025-03-31', DATE '2024-12-08', 168300.0, 'Оказание медицинских услуг (Магнитно-резонансная томография) — лот 2', 'г. Самара, ул. Самарская, 146А', 'Симонов', 'Дмитрий', 'Игоревич', '+7 (846) 332-71-00', 'info@kotso.ru'),
('0142200001326009878', 17, 'COMPLETED', 'ELECTRONIC_AUCTION', DATE '2026-05-07', DATE '2026-03-07', 21600000.0, 'Поставка медицинского изделия — аппарат ИВЛ (лот 2)', 'г. Самара, ул. Самарская, 146А', 'Симонов', 'Дмитрий', 'Игоревич', '+7 (846) 332-71-00', 'info@kotso.ru'),
('0142200001326009877', 17, 'COMPLETED', 'ELECTRONIC_AUCTION', DATE '2026-05-07', DATE '2026-01-28', 846200.0, 'Поставка медицинского изделия — аппарат ИВЛ (лот 1)', 'г. Самара, ул. Самарская, 146А', 'Симонов', 'Дмитрий', 'Игоревич', '+7 (846) 332-71-00', 'info@kotso.ru'),
('0142200001325031138', 17, 'COMPLETED', 'ELECTRONIC_AUCTION', DATE '2026-01-14', DATE '2025-09-11', 500000.0, 'Техническое обслуживание и ремонт аппаратов ИВЛ', 'г. Самара, ул. Самарская, 146А', 'Симонов', 'Дмитрий', 'Игоревич', '+7 (846) 332-71-00', 'info@kotso.ru'),
('0142200001325020356', 17, 'COMPLETED', 'ELECTRONIC_AUCTION', DATE '2025-09-08', DATE '2025-06-01', 229068.0, 'Поставка фильтра дыхательного для аппарата ИВЛ', 'г. Самара, ул. Самарская, 146А', 'Симонов', 'Дмитрий', 'Игоревич', '+7 (846) 332-71-00', 'info@kotso.ru'),
('0142200001325018818', 17, 'COMPLETED', 'ELECTRONIC_AUCTION', DATE '2025-08-20', DATE '2025-03-01', 1189112.0, 'Поставка датчиков для аппаратов ИВЛ', 'г. Самара, ул. Самарская, 146А', 'Симонов', 'Дмитрий', 'Игоревич', '+7 (846) 332-71-00', 'info@kotso.ru'),
('0142200001324030443', 17, 'COMPLETED', 'ELECTRONIC_AUCTION', DATE '2024-12-16', DATE '2024-07-23', 767700.0, 'Техническое обслуживание и ремонт аппаратов ИВЛ в 2025 г.', 'г. Самара, ул. Самарская, 146А', 'Симонов', 'Дмитрий', 'Игоревич', '+7 (846) 332-71-00', 'info@kotso.ru'),
('0142200001324009686', 16, 'COMPLETED', 'ELECTRONIC_AUCTION', DATE '2024-05-03', DATE '2023-11-23', 482650.0, 'Услуги по ремонту медицинского оборудования — аппарат ИВЛ', 'г. Самара, ул. Самарская, 146А', 'Симонов', 'Дмитрий', 'Игоревич', '+7 (846) 332-71-00', 'info@kotso.ru'),
('0142200001323015630', 16, 'COMPLETED', 'ELECTRONIC_AUCTION', DATE '2023-07-12', DATE '2023-04-22', 2500000.0, 'Поставка открытой реанимационной системы с блоком ИВЛ', 'г. Самара, ул. Самарская, 146А', 'Симонов', 'Дмитрий', 'Игоревич', '+7 (846) 332-71-00', 'info@kotso.ru'),
('0142200001322022765', 16, 'COMPLETED', 'ELECTRONIC_AUCTION', DATE '2022-10-12', DATE '2022-06-22', 20650000.0, 'Поставка, монтаж и пуско-наладка аппаратов ИВЛ', 'г. Самара, ул. Самарская, 146А', 'Симонов', 'Дмитрий', 'Игоревич', '+7 (846) 332-71-00', 'info@kotso.ru'),
('0142200001322020747', 16, 'COMPLETED', 'ELECTRONIC_AUCTION', DATE '2022-09-15', DATE '2022-06-27', 2640000.0, 'Поставка и монтаж аппарата ИВЛ транспортного', 'г. Самара, ул. Самарская, 146А', 'Симонов', 'Дмитрий', 'Игоревич', '+7 (846) 332-71-00', 'info@kotso.ru'),
('0142200001317006567', 16, 'COMPLETED', 'ELECTRONIC_AUCTION', DATE '2017-07-05', DATE '2017-03-19', 16760000.0, 'Поставка аппаратов ИВЛ для городской клиники', 'г. Самара, ул. Самарская, 146А', 'Симонов', 'Дмитрий', 'Игоревич', '+7 (846) 332-71-00', 'info@kotso.ru'),
('0142200001326009999', 4, 'COMPLETED', 'ELECTRONIC_AUCTION', DATE '2026-05-08', DATE '2026-01-16', 727000.0, 'Поставка медицинских изделий (Дефибрилляторы)', 'г. Самара, ул. Полевая, 80', 'Соколов', 'Александр', 'Викторович', '+7 (846) 374-20-04', 'info@gkb1-samara.ru'),
('0142200001326005142', 2, 'COMPLETED', 'ELECTRONIC_AUCTION', DATE '2026-03-17', DATE '2025-10-14', 98720.0, 'Поставка электродов дефибриллятора', 'Самарская обл., с. Елховка, ул. Советская, 41', 'Кузнецов', 'Виктор', 'Алексеевич', '+7 (84658) 3-12-21', 'elhovka-crb@samara.ru'),
('0142200001326005021', 12, 'COMPLETED', 'ELECTRONIC_AUCTION', DATE '2026-03-16', DATE '2025-10-20', 10400775.0, 'Поставка кардиовертеров-дефибрилляторов (лот 3)', 'г. Самара, Аэродромная улица, 43', 'Дупляков', 'Дмитрий', 'Викторович', '+7 (846) 263-55-32', 'skkd@samara.ru'),
('0142200001325015480', 13, 'COMPLETED', 'ELECTRONIC_AUCTION', DATE '2025-07-04', DATE '2025-02-17', 920000.0, 'Поставка дефибриллятора внешнего полуавтоматического (1)', 'г. Тольятти, бульвар Здоровья, 25', 'Иванова', 'Мария', 'Викторовна', '+7 (8482) 79-11-15', 'tgkb5@tlt.ru'),
('0142200001325014386', 13, 'COMPLETED', 'ELECTRONIC_AUCTION', DATE '2025-06-17', DATE '2025-03-08', 388537.0, 'Поставка дефибриллятора внешнего полуавтоматического (2)', 'г. Тольятти, бульвар Здоровья, 25', 'Иванова', 'Мария', 'Викторовна', '+7 (8482) 79-11-15', 'tgkb5@tlt.ru'),
('0142200001325010645', 12, 'COMPLETED', 'ELECTRONIC_AUCTION', DATE '2025-05-13', DATE '2025-02-22', 8185030.0, 'Поставка кардиовертеров-дефибрилляторов (лот 2)', 'г. Самара, Аэродромная улица, 43', 'Дупляков', 'Дмитрий', 'Викторович', '+7 (846) 263-55-32', 'skkd@samara.ru'),
('0142200001325010598', 12, 'COMPLETED', 'ELECTRONIC_AUCTION', DATE '2025-05-05', DATE '2024-11-11', 8591920.0, 'Поставка кардиовертеров-дефибрилляторов (лот 3, повторно)', 'г. Самара, Аэродромная улица, 43', 'Дупляков', 'Дмитрий', 'Викторович', '+7 (846) 263-55-32', 'skkd@samara.ru'),
('0142200001325009665', 12, 'COMPLETED', 'ELECTRONIC_AUCTION', DATE '2025-04-23', DATE '2024-11-03', 2772800.0, 'Поставка кардиовертеров-дефибрилляторов (лот 1)', 'г. Самара, Аэродромная улица, 43', 'Дупляков', 'Дмитрий', 'Викторович', '+7 (846) 263-55-32', 'skkd@samara.ru'),
('0142200001325007408', 7, 'COMPLETED', 'ELECTRONIC_AUCTION', DATE '2025-04-03', DATE '2025-01-25', 398500.0, 'Поставка дефибриллятора в 2025 году', 'г. Самара, ул. Свободы, 215', 'Лебедев', 'Андрей', 'Викторович', '+7 (846) 956-33-44', 'polik6@samara.ru'),
('0142200001324022874', 14, 'COMPLETED', 'ELECTRONIC_AUCTION', DATE '2024-10-15', DATE '2024-08-19', 92425.0, 'Поставка аккумуляторов для дефибрилляторов', 'г. Тольятти, ул. Юбилейная, 73', 'Соколова', 'Татьяна', 'Игоревна', '+7 (8482) 26-21-15', 'tgkp3@tlt.ru'),
('0142200001324009389', 6, 'COMPLETED', 'ELECTRONIC_AUCTION', DATE '2024-05-06', DATE '2024-02-23', 318500.0, 'Поставка дефибриллятора (Советский район)', 'г. Самара, ул. Молодежная, 21', 'Романова', 'Ирина', 'Михайловна', '+7 (846) 950-25-37', 'gp10@samara.ru'),
('0142200001323019080', 12, 'COMPLETED', 'ELECTRONIC_AUCTION', DATE '2023-09-11', DATE '2023-06-19', 99900.0, 'Поставка дефибриллятора (кардиодиспансер)', 'г. Самара, Аэродромная улица, 43', 'Дупляков', 'Дмитрий', 'Викторович', '+7 (846) 263-55-32', 'skkd@samara.ru'),
('0142200001323013284', 12, 'COMPLETED', 'ELECTRONIC_AUCTION', DATE '2023-06-09', DATE '2023-03-16', 2812460.0, 'Поставка кардиовертеров-дефибрилляторов имплантируемых двухкамерных', 'г. Самара, Аэродромная улица, 43', 'Дупляков', 'Дмитрий', 'Викторович', '+7 (846) 263-55-32', 'skkd@samara.ru'),
('0142200001322024382', 11, 'COMPLETED', 'ELECTRONIC_AUCTION', DATE '2022-10-28', DATE '2022-05-28', 134000.0, 'Поставка медицинского оборудования (Дефибриллятор)', 'г. Самара, проспект Карла Маркса, 178', 'Захарова', 'Светлана', 'Алексеевна', '+7 (846) 264-21-18', 'stom3@samara.ru'),
('0142200001322021950', 8, 'COMPLETED', 'ELECTRONIC_AUCTION', DATE '2022-10-05', DATE '2022-08-05', 720000.0, 'Поставка дефибриллятора-монитора', 'г. Самара, ул. Ново-Садовая, 156', 'Никитина', 'Елена', 'Сергеевна', '+7 (846) 957-21-08', 'dib@samara.ru'),
('0142200001322013927', 12, 'COMPLETED', 'ELECTRONIC_AUCTION', DATE '2022-06-28', DATE '2022-02-05', 2034700.0, 'Поставка медицинского оборудования (Дефибрилляторы) — лот 24', 'г. Самара, Аэродромная улица, 43', 'Дупляков', 'Дмитрий', 'Викторович', '+7 (846) 263-55-32', 'skkd@samara.ru'),
('0142200001321023879', 10, 'COMPLETED', 'ELECTRONIC_AUCTION', DATE '2021-10-27', DATE '2021-06-07', 485000.0, 'Поставка дефибриллятора (офтальмбольница)', 'г. Самара, ул. Запорожская, 26', 'Степанов', 'Андрей', 'Петрович', '+7 (846) 323-00-37', 'info@oftalm-samara.ru'),
('0142200001321019058', 9, 'COMPLETED', 'ELECTRONIC_AUCTION', DATE '2021-09-02', DATE '2021-03-22', 149000.0, 'Поставка дефибриллятора внешнего полуавтоматического (СОКБ №2)', 'г. Самара, проспект Карла Маркса, 165Б', 'Беляев', 'Олег', 'Викторович', '+7 (846) 263-90-89', 'sokb2@samara.ru'),
('0142200001326011849', 17, 'COMPLETED', 'ELECTRONIC_AUCTION', DATE '2026-06-03', DATE '2025-12-05', 451470.2, 'Оказание услуг по ремонту эндоскопического оборудования', 'г. Самара, ул. Самарская, 146А', 'Симонов', 'Дмитрий', 'Игоревич', '+7 (846) 332-71-00', 'info@kotso.ru'),
('0142200001326011460', 17, 'COMPLETED', 'ELECTRONIC_AUCTION', DATE '2026-05-29', DATE '2026-02-09', 206200.0, 'Поставка расходного материала и инструмента для эндоскопии', 'г. Самара, ул. Самарская, 146А', 'Симонов', 'Дмитрий', 'Игоревич', '+7 (846) 332-71-00', 'info@kotso.ru'),
('0142200001326011413', 17, 'COMPLETED', 'ELECTRONIC_AUCTION', DATE '2026-05-28', DATE '2026-04-11', 434073.0, 'Поставка расходного материала и инструмента для эндоскопии (повтор)', 'г. Самара, ул. Самарская, 146А', 'Симонов', 'Дмитрий', 'Игоревич', '+7 (846) 332-71-00', 'info@kotso.ru'),
('0142200001326010184', 17, 'COMPLETED', 'ELECTRONIC_AUCTION', DATE '2026-05-08', DATE '2026-02-23', 1800000.0, 'Поставка шкафа для сушки и хранения эндоскопов', 'г. Самара, ул. Самарская, 146А', 'Симонов', 'Дмитрий', 'Игоревич', '+7 (846) 332-71-00', 'info@kotso.ru'),
('0142200001326010001', 17, 'COMPLETED', 'ELECTRONIC_AUCTION', DATE '2026-05-12', DATE '2026-01-19', 2330000.0, 'Техническое обслуживание оборудования эндоскопии', 'г. Самара, ул. Самарская, 146А', 'Симонов', 'Дмитрий', 'Игоревич', '+7 (846) 332-71-00', 'info@kotso.ru'),
('0142200001326009531', 17, 'COMPLETED', 'ELECTRONIC_AUCTION', DATE '2026-05-06', DATE '2025-12-25', 1498511.0, 'Поставка изделий медицинского назначения для эндоскопических операций', 'г. Самара, ул. Самарская, 146А', 'Симонов', 'Дмитрий', 'Игоревич', '+7 (846) 332-71-00', 'info@kotso.ru'),
('0142200001326009181', 17, 'COMPLETED', 'ELECTRONIC_AUCTION', DATE '2026-04-29', DATE '2026-02-15', 513900.0, 'Поставка расходных материалов для эндоскопии', 'г. Самара, ул. Самарская, 146А', 'Симонов', 'Дмитрий', 'Игоревич', '+7 (846) 332-71-00', 'info@kotso.ru'),
('0142200001326009146', 17, 'COMPLETED', 'ELECTRONIC_AUCTION', DATE '2026-04-29', DATE '2025-12-30', 301644.0, 'Поставка изделий медицинского назначения для эндоскопических операций (повтор)', 'г. Самара, ул. Самарская, 146А', 'Симонов', 'Дмитрий', 'Игоревич', '+7 (846) 332-71-00', 'info@kotso.ru'),
('0142200001326008994', 17, 'COMPLETED', 'ELECTRONIC_AUCTION', DATE '2026-04-27', DATE '2025-11-22', 91430.0, 'Поставка медицинских изделий для эндоскопии', 'г. Самара, ул. Самарская, 146А', 'Симонов', 'Дмитрий', 'Игоревич', '+7 (846) 332-71-00', 'info@kotso.ru'),
('0142200001326008810', 17, 'COMPLETED', 'ELECTRONIC_AUCTION', DATE '2026-04-24', DATE '2026-01-29', 1520048.0, 'Поставка дезинфицирующих средств (эндоскопия)', 'г. Самара, ул. Самарская, 146А', 'Симонов', 'Дмитрий', 'Игоревич', '+7 (846) 332-71-00', 'info@kotso.ru'),
('0142200001326005078', 17, 'COMPLETED', 'ELECTRONIC_AUCTION', DATE '2026-03-13', DATE '2025-10-03', 572000.0, 'Техническое обслуживание эндоскопического оборудования', 'г. Самара, ул. Самарская, 146А', 'Симонов', 'Дмитрий', 'Игоревич', '+7 (846) 332-71-00', 'info@kotso.ru'),
('0142200001326001288', 17, 'COMPLETED', 'ELECTRONIC_AUCTION', DATE '2026-02-12', DATE '2025-12-29', 111625.0, 'Поставка клип-аппликатора эндоскопического', 'г. Самара, ул. Самарская, 146А', 'Симонов', 'Дмитрий', 'Игоревич', '+7 (846) 332-71-00', 'info@kotso.ru'),
('0142200001326000946', 17, 'COMPLETED', 'ELECTRONIC_AUCTION', DATE '2026-02-10', DATE '2025-10-21', 85500.0, 'Поставка проводника эндоскопического', 'г. Самара, ул. Самарская, 146А', 'Симонов', 'Дмитрий', 'Игоревич', '+7 (846) 332-71-00', 'info@kotso.ru'),
('0142200001326011086', 17, 'COMPLETED', 'ELECTRONIC_AUCTION', DATE '2026-05-26', DATE '2025-12-04', 109369.2, 'Поставка лабораторной посуды для биохимического анализатора BA-200', 'г. Самара, ул. Самарская, 146А', 'Симонов', 'Дмитрий', 'Игоревич', '+7 (846) 332-71-00', 'info@kotso.ru'),
('0142200001326001975', 17, 'COMPLETED', 'ELECTRONIC_AUCTION', DATE '2026-02-20', DATE '2025-11-22', 1493208.72, 'Поставка реагентов для лабораторного анализатора', 'г. Самара, ул. Самарская, 146А', 'Симонов', 'Дмитрий', 'Игоревич', '+7 (846) 332-71-00', 'info@kotso.ru'),
('0142200001326001042', 17, 'COMPLETED', 'ELECTRONIC_AUCTION', DATE '2026-02-11', DATE '2025-08-21', 109315.85, 'Поставка кювет для лабораторного анализатора (партия 1)', 'г. Самара, ул. Самарская, 146А', 'Симонов', 'Дмитрий', 'Игоревич', '+7 (846) 332-71-00', 'info@kotso.ru'),
('0142200001325031257', 17, 'COMPLETED', 'ELECTRONIC_AUCTION', DATE '2026-01-15', DATE '2025-11-04', 1055430.0, 'Поставка кювет для лабораторного анализатора (партия 2)', 'г. Самара, ул. Самарская, 146А', 'Симонов', 'Дмитрий', 'Игоревич', '+7 (846) 332-71-00', 'info@kotso.ru'),
('0142200001325029923', 17, 'COMPLETED', 'ELECTRONIC_AUCTION', DATE '2025-12-22', DATE '2025-08-23', 31744.27, 'Поставка кюветы для лабораторного анализатора (партия 3)', 'г. Самара, ул. Самарская, 146А', 'Симонов', 'Дмитрий', 'Игоревич', '+7 (846) 332-71-00', 'info@kotso.ru'),
('0142200001325021290', 17, 'COMPLETED', 'ELECTRONIC_AUCTION', DATE '2025-09-25', DATE '2025-04-04', 1140800.0, 'Поставка лабораторной посуды совместимой с анализатором Mindray', 'г. Самара, ул. Самарская, 146А', 'Симонов', 'Дмитрий', 'Игоревич', '+7 (846) 332-71-00', 'info@kotso.ru'),
('0142200001325015935', 17, 'COMPLETED', 'ELECTRONIC_AUCTION', DATE '2025-07-08', DATE '2025-04-04', 167308.21, 'Поставка лабораторной посуды совместимой с анализатором Cobas 4800 (партия 1)', 'г. Самара, ул. Самарская, 146А', 'Симонов', 'Дмитрий', 'Игоревич', '+7 (846) 332-71-00', 'info@kotso.ru'),
('0142200001325015934', 17, 'COMPLETED', 'ELECTRONIC_AUCTION', DATE '2025-07-08', DATE '2025-04-15', 1582525.44, 'Поставка лабораторной посуды совместимой с анализатором Cobas 4800 (партия 2)', 'г. Самара, ул. Самарская, 146А', 'Симонов', 'Дмитрий', 'Игоревич', '+7 (846) 332-71-00', 'info@kotso.ru'),
('0142200001325014817', 17, 'COMPLETED', 'ELECTRONIC_AUCTION', DATE '2025-06-19', DATE '2025-01-30', 1300000.0, 'Поставка анализатора газов крови ИВД автоматического', 'г. Самара, ул. Самарская, 146А', 'Симонов', 'Дмитрий', 'Игоревич', '+7 (846) 332-71-00', 'info@kotso.ru'),
('0142200001325005614', 17, 'COMPLETED', 'ELECTRONIC_AUCTION', DATE '2025-03-21', DATE '2024-12-25', 476250.0, 'Поставка реагентов для определения тропонина I', 'г. Самара, ул. Самарская, 146А', 'Симонов', 'Дмитрий', 'Игоревич', '+7 (846) 332-71-00', 'info@kotso.ru'),
('0142200001325002147', 17, 'COMPLETED', 'ELECTRONIC_AUCTION', DATE '2025-02-18', DATE '2024-08-22', 870000.0, 'Поставка кювет для лабораторного анализатора ИВД в 2025 г.', 'г. Самара, ул. Самарская, 146А', 'Симонов', 'Дмитрий', 'Игоревич', '+7 (846) 332-71-00', 'info@kotso.ru');

-- ========== Лоты тендеров (по 1 на тендер, всего 128) ==========
INSERT INTO tender_lot (tender_id, lot_number, equip_name, equip_type_id, quantity, max_cost, max_length_mm, max_width_mm, max_height_mm, max_weight_kg, required_spec) VALUES
(1, 1, 'Рентген, соответствующий ТЗ', (SELECT id FROM equipment_type WHERE name='Рентген'), 1, 3080420, 2750, 2375, 3000, 600.0, 'Цифровая стационарная рентген-система'),
(2, 1, 'Рентген, соответствующий ТЗ', (SELECT id FROM equipment_type WHERE name='Рентген'), 1, 644402, 1600, 900, 2562, 381.2, 'Мобильный с складной колонной'),
(3, 1, 'Рентген, соответствующий ТЗ', (SELECT id FROM equipment_type WHERE name='Рентген'), 1, 687000, 2850, 2437, 2975, 637.5, 'Беспроводной детектор, потолочное крепление'),
(4, 1, 'Рентген, соответствующий ТЗ', (SELECT id FROM equipment_type WHERE name='Рентген'), 1, 632000, 1375, 750, 2475, 356.2, 'Мобильный аппарат на колёсах'),
(5, 1, 'Рентген, соответствующий ТЗ', (SELECT id FROM equipment_type WHERE name='Рентген'), 1, 12350000, 2750, 2375, 3000, 600.0, 'Цифровая стационарная рентген-система'),
(6, 1, 'Рентген, соответствующий ТЗ', (SELECT id FROM equipment_type WHERE name='Рентген'), 1, 840000, 2750, 2375, 3000, 600.0, 'Цифровая стационарная рентген-система'),
(7, 1, 'Рентген, соответствующий ТЗ', (SELECT id FROM equipment_type WHERE name='Рентген'), 1, 988544, 2850, 2437, 2975, 637.5, 'Беспроводной детектор, потолочное крепление'),
(8, 1, 'Рентген, соответствующий ТЗ', (SELECT id FROM equipment_type WHERE name='Рентген'), 1, 195000, 2850, 2437, 2975, 637.5, 'Беспроводной детектор, потолочное крепление'),
(9, 1, 'Рентген, соответствующий ТЗ', (SELECT id FROM equipment_type WHERE name='Рентген'), 1, 23715765, 2937, 2500, 3062, 662.5, 'Полуавтоматическая цифровая система'),
(10, 1, 'Рентген, соответствующий ТЗ', (SELECT id FROM equipment_type WHERE name='Рентген'), 1, 9450000, 2750, 2375, 3000, 600.0, 'Цифровая стационарная рентген-система'),
(11, 1, 'Рентген, соответствующий ТЗ', (SELECT id FROM equipment_type WHERE name='Рентген'), 1, 106000, 2937, 2500, 3062, 662.5, 'Полуавтоматическая цифровая система'),
(12, 1, 'Рентген, соответствующий ТЗ', (SELECT id FROM equipment_type WHERE name='Рентген'), 1, 748516, 1600, 900, 2562, 381.2, 'Мобильный с складной колонной'),
(13, 1, 'Рентген, соответствующий ТЗ', (SELECT id FROM equipment_type WHERE name='Рентген'), 1, 1417580, 2750, 2375, 3000, 600.0, 'Цифровая стационарная рентген-система'),
(14, 1, 'Рентген, соответствующий ТЗ', (SELECT id FROM equipment_type WHERE name='Рентген'), 1, 303600, 2750, 2375, 3000, 600.0, 'Цифровая стационарная рентген-система'),
(15, 1, 'Рентген, соответствующий ТЗ', (SELECT id FROM equipment_type WHERE name='Рентген'), 1, 12350000, 2625, 2312, 2875, 525.0, 'Российский цифровой флюорограф'),
(16, 1, 'Рентген, соответствующий ТЗ', (SELECT id FROM equipment_type WHERE name='Рентген'), 1, 210000, 1375, 750, 2475, 356.2, 'Мобильный аппарат на колёсах'),
(17, 1, 'Рентген, соответствующий ТЗ', (SELECT id FROM equipment_type WHERE name='Рентген'), 1, 109000, 2750, 2375, 3000, 600.0, 'Цифровая стационарная рентген-система'),
(18, 1, 'Рентген, соответствующий ТЗ', (SELECT id FROM equipment_type WHERE name='Рентген'), 1, 23715765, 1600, 900, 2562, 381.2, 'Мобильный с складной колонной'),
(19, 1, 'Рентген, соответствующий ТЗ', (SELECT id FROM equipment_type WHERE name='Рентген'), 1, 55813, 2937, 2500, 3062, 662.5, 'Полуавтоматическая цифровая система'),
(20, 1, 'Рентген, соответствующий ТЗ', (SELECT id FROM equipment_type WHERE name='Рентген'), 1, 200000, 2937, 2500, 3062, 662.5, 'Полуавтоматическая цифровая система'),
(21, 1, 'Рентген, соответствующий ТЗ', (SELECT id FROM equipment_type WHERE name='Рентген'), 1, 465000, 2625, 2312, 2875, 525.0, 'Российский цифровой флюорограф'),
(22, 1, 'Рентген, соответствующий ТЗ', (SELECT id FROM equipment_type WHERE name='Рентген'), 1, 131675, 1375, 750, 2475, 356.2, 'Мобильный аппарат на колёсах'),
(23, 1, 'Рентген, соответствующий ТЗ', (SELECT id FROM equipment_type WHERE name='Рентген'), 1, 480000, 1600, 900, 2562, 381.2, 'Мобильный с складной колонной'),
(24, 1, 'Рентген, соответствующий ТЗ', (SELECT id FROM equipment_type WHERE name='Рентген'), 1, 91200, 2937, 2500, 3062, 662.5, 'Полуавтоматическая цифровая система'),
(25, 1, 'Рентген, соответствующий ТЗ', (SELECT id FROM equipment_type WHERE name='Рентген'), 1, 1900000, 2850, 2437, 2975, 637.5, 'Беспроводной детектор, потолочное крепление'),
(26, 1, 'Рентген, соответствующий ТЗ', (SELECT id FROM equipment_type WHERE name='Рентген'), 1, 400000, 1600, 900, 2562, 381.2, 'Мобильный с складной колонной'),
(27, 1, 'Рентген, соответствующий ТЗ', (SELECT id FROM equipment_type WHERE name='Рентген'), 1, 1400000, 1600, 900, 2562, 381.2, 'Мобильный с складной колонной'),
(28, 1, 'Монитор пациента, соответствующий ТЗ', (SELECT id FROM equipment_type WHERE name='Монитор пациента'), 1, 275510, 450, 337, 387, 7.2, '12-канальный с ЭКГ'),
(29, 1, 'Монитор пациента, соответствующий ТЗ', (SELECT id FROM equipment_type WHERE name='Монитор пациента'), 1, 1809770, 525, 387, 475, 11.9, 'Премиум с расширенной телеметрией'),
(30, 1, 'Монитор пациента, соответствующий ТЗ', (SELECT id FROM equipment_type WHERE name='Монитор пациента'), 1, 995000, 506, 368, 425, 9.8, 'Модульный, расширяемый'),
(31, 1, 'Монитор пациента, соответствующий ТЗ', (SELECT id FROM equipment_type WHERE name='Монитор пациента'), 1, 190000, 562, 400, 512, 15.0, 'Топовый с двумя экранами'),
(32, 1, 'Монитор пациента, соответствующий ТЗ', (SELECT id FROM equipment_type WHERE name='Монитор пациента'), 1, 162300, 562, 400, 512, 15.0, 'Топовый с двумя экранами'),
(33, 1, 'Монитор пациента, соответствующий ТЗ', (SELECT id FROM equipment_type WHERE name='Монитор пациента'), 1, 112008, 525, 387, 475, 11.9, 'Премиум с расширенной телеметрией'),
(34, 1, 'Монитор пациента, соответствующий ТЗ', (SELECT id FROM equipment_type WHERE name='Монитор пациента'), 1, 13360064, 562, 400, 512, 15.0, 'Топовый с двумя экранами'),
(35, 1, 'Монитор пациента, соответствующий ТЗ', (SELECT id FROM equipment_type WHERE name='Монитор пациента'), 1, 22350240, 500, 362, 437, 10.6, 'Универсальный для всех ОРИТ'),
(36, 1, 'Монитор пациента, соответствующий ТЗ', (SELECT id FROM equipment_type WHERE name='Монитор пациента'), 1, 117200, 450, 337, 387, 7.2, '12-канальный с ЭКГ'),
(37, 1, 'Монитор пациента, соответствующий ТЗ', (SELECT id FROM equipment_type WHERE name='Монитор пациента'), 1, 500000, 562, 400, 512, 15.0, 'Топовый с двумя экранами'),
(38, 1, 'Монитор пациента, соответствующий ТЗ', (SELECT id FROM equipment_type WHERE name='Монитор пациента'), 1, 1000000, 562, 400, 512, 15.0, 'Топовый с двумя экранами'),
(39, 1, 'Монитор пациента, соответствующий ТЗ', (SELECT id FROM equipment_type WHERE name='Монитор пациента'), 1, 1500000, 500, 362, 437, 10.6, 'Универсальный для всех ОРИТ'),
(40, 1, 'Монитор пациента, соответствующий ТЗ', (SELECT id FROM equipment_type WHERE name='Монитор пациента'), 1, 3000000, 450, 337, 387, 7.2, '12-канальный с ЭКГ'),
(41, 1, 'Монитор пациента, соответствующий ТЗ', (SELECT id FROM equipment_type WHERE name='Монитор пациента'), 1, 1500000, 506, 368, 425, 9.8, 'Модульный, расширяемый'),
(42, 1, 'Монитор пациента, соответствующий ТЗ', (SELECT id FROM equipment_type WHERE name='Монитор пациента'), 1, 3000000, 450, 337, 387, 7.2, '12-канальный с ЭКГ'),
(43, 1, 'Монитор пациента, соответствующий ТЗ', (SELECT id FROM equipment_type WHERE name='Монитор пациента'), 1, 1500000, 475, 350, 400, 9.4, '12-дюймовый сенсорный, мультимодульный'),
(44, 1, 'Монитор пациента, соответствующий ТЗ', (SELECT id FROM equipment_type WHERE name='Монитор пациента'), 1, 313724, 525, 387, 475, 11.9, 'Премиум с расширенной телеметрией'),
(45, 1, 'Монитор пациента, соответствующий ТЗ', (SELECT id FROM equipment_type WHERE name='Монитор пациента'), 1, 4103452, 525, 387, 475, 11.9, 'Премиум с расширенной телеметрией'),
(46, 1, 'Монитор пациента, соответствующий ТЗ', (SELECT id FROM equipment_type WHERE name='Монитор пациента'), 1, 4994900, 475, 350, 400, 9.4, '12-дюймовый сенсорный, мультимодульный'),
(47, 1, 'Монитор пациента, соответствующий ТЗ', (SELECT id FROM equipment_type WHERE name='Монитор пациента'), 1, 2800000, 500, 362, 437, 10.6, 'Универсальный для всех ОРИТ'),
(48, 1, 'Компьютерный томограф, соответствующий ТЗ', (SELECT id FROM equipment_type WHERE name='Компьютерный томограф'), 1, 8961168, 2937, 3225, 2437, 3500.0, 'Двухтрубочный 192-срезовый'),
(49, 1, 'Компьютерный томограф, соответствующий ТЗ', (SELECT id FROM equipment_type WHERE name='Компьютерный томограф'), 1, 18150000, 2850, 3100, 2350, 3312.5, '16-срезовый для районных больниц'),
(50, 1, 'Компьютерный томограф, соответствующий ТЗ', (SELECT id FROM equipment_type WHERE name='Компьютерный томограф'), 1, 1000000, 2850, 3100, 2350, 3312.5, '16-срезовый для районных больниц'),
(51, 1, 'Магнитно-резонансный томограф, соответствующий ТЗ', (SELECT id FROM equipment_type WHERE name='Магнитно-резонансный томограф'), 1, 163200, 3200, 2875, 2562, 6500.0, '3.0 Тесла с dStream'),
(52, 1, 'Компьютерный томограф, соответствующий ТЗ', (SELECT id FROM equipment_type WHERE name='Компьютерный томограф'), 1, 7000000, 2850, 3100, 2350, 3312.5, '16-срезовый для районных больниц'),
(53, 1, 'Компьютерный томограф, соответствующий ТЗ', (SELECT id FROM equipment_type WHERE name='Компьютерный томограф'), 1, 720000, 3100, 3300, 2512, 3875.0, '256-срезовый, one-beat'),
(54, 1, 'Магнитно-резонансный томограф, соответствующий ТЗ', (SELECT id FROM equipment_type WHERE name='Магнитно-резонансный томограф'), 1, 8258089, 3100, 2762, 2475, 5625.0, '1.5 Тесла, туннель 70 см'),
(55, 1, 'Компьютерный томограф, соответствующий ТЗ', (SELECT id FROM equipment_type WHERE name='Компьютерный томограф'), 1, 1094440, 2937, 3225, 2437, 3500.0, 'Двухтрубочный 192-срезовый'),
(56, 1, 'Компьютерный томограф, соответствующий ТЗ', (SELECT id FROM equipment_type WHERE name='Компьютерный томограф'), 1, 13437000, 2987, 3225, 2437, 3475.0, '64-срезовый с AI-реконструкцией'),
(57, 1, 'Компьютерный томограф, соответствующий ТЗ', (SELECT id FROM equipment_type WHERE name='Компьютерный томограф'), 1, 19500000, 2987, 3225, 2437, 3475.0, '64-срезовый с AI-реконструкцией'),
(58, 1, 'Компьютерный томограф, соответствующий ТЗ', (SELECT id FROM equipment_type WHERE name='Компьютерный томограф'), 1, 5200000, 2937, 3225, 2437, 3500.0, 'Двухтрубочный 192-срезовый'),
(59, 1, 'Компьютерный томограф, соответствующий ТЗ', (SELECT id FROM equipment_type WHERE name='Компьютерный томограф'), 1, 408000, 3100, 3300, 2512, 3875.0, '256-срезовый, one-beat'),
(60, 1, 'Компьютерный томограф, соответствующий ТЗ', (SELECT id FROM equipment_type WHERE name='Компьютерный томограф'), 1, 68000000, 2937, 3225, 2437, 3500.0, 'Двухтрубочный 192-срезовый'),
(61, 1, 'Компьютерный томограф, соответствующий ТЗ', (SELECT id FROM equipment_type WHERE name='Компьютерный томограф'), 1, 180000, 2937, 3225, 2437, 3500.0, 'Двухтрубочный 192-срезовый'),
(62, 1, 'Магнитно-резонансный томограф, соответствующий ТЗ', (SELECT id FROM equipment_type WHERE name='Магнитно-резонансный томограф'), 1, 1000000, 3175, 2850, 2537, 6375.0, '3.0 Тесла с AIR Coils'),
(63, 1, 'Компьютерный томограф, соответствующий ТЗ', (SELECT id FROM equipment_type WHERE name='Компьютерный томограф'), 1, 21640000, 2937, 3225, 2437, 3500.0, 'Двухтрубочный 192-срезовый'),
(64, 1, 'Компьютерный томограф, соответствующий ТЗ', (SELECT id FROM equipment_type WHERE name='Компьютерный томограф'), 1, 68000000, 2850, 3100, 2350, 3312.5, '16-срезовый для районных больниц'),
(65, 1, 'Магнитно-резонансный томограф, соответствующий ТЗ', (SELECT id FROM equipment_type WHERE name='Магнитно-резонансный томограф'), 1, 1000000, 3200, 2875, 2562, 6500.0, '3.0 Тесла с dStream'),
(66, 1, 'Магнитно-резонансный томограф, соответствующий ТЗ', (SELECT id FROM equipment_type WHERE name='Магнитно-резонансный томограф'), 1, 6234176, 3175, 2850, 2537, 6375.0, '3.0 Тесла с AIR Coils'),
(67, 1, 'Компьютерный томограф, соответствующий ТЗ', (SELECT id FROM equipment_type WHERE name='Компьютерный томограф'), 1, 21292800, 2987, 3225, 2437, 3475.0, '64-срезовый с AI-реконструкцией'),
(68, 1, 'Компьютерный томограф, соответствующий ТЗ', (SELECT id FROM equipment_type WHERE name='Компьютерный томограф'), 1, 14853699, 2987, 3175, 2425, 3587.5, '320-срезовый объёмный'),
(69, 1, 'Магнитно-резонансный томограф, соответствующий ТЗ', (SELECT id FROM equipment_type WHERE name='Магнитно-резонансный томограф'), 1, 4400681, 3200, 2875, 2562, 6500.0, '3.0 Тесла с dStream'),
(70, 1, 'Компьютерный томограф, соответствующий ТЗ', (SELECT id FROM equipment_type WHERE name='Компьютерный томограф'), 1, 2323832, 2850, 3100, 2350, 3312.5, '16-срезовый для районных больниц'),
(71, 1, 'Компьютерный томограф, соответствующий ТЗ', (SELECT id FROM equipment_type WHERE name='Компьютерный томограф'), 1, 6520000, 3100, 3300, 2512, 3875.0, '256-срезовый, one-beat'),
(72, 1, 'Компьютерный томограф, соответствующий ТЗ', (SELECT id FROM equipment_type WHERE name='Компьютерный томограф'), 1, 10820000, 2987, 3225, 2437, 3475.0, '64-срезовый с AI-реконструкцией'),
(73, 1, 'Компьютерный томограф, соответствующий ТЗ', (SELECT id FROM equipment_type WHERE name='Компьютерный томограф'), 1, 1800000, 2850, 3100, 2350, 3312.5, '16-срезовый для районных больниц'),
(74, 1, 'Магнитно-резонансный томограф, соответствующий ТЗ', (SELECT id FROM equipment_type WHERE name='Магнитно-резонансный томограф'), 1, 5300000, 3087, 2750, 2462, 5500.0, '1.5 Тесла классический'),
(75, 1, 'Магнитно-резонансный томограф, соответствующий ТЗ', (SELECT id FROM equipment_type WHERE name='Магнитно-резонансный томограф'), 1, 168300, 3200, 2875, 2562, 6500.0, '3.0 Тесла с dStream'),
(76, 1, 'ИВЛ, соответствующий ТЗ', (SELECT id FROM equipment_type WHERE name='ИВЛ'), 1, 21600000, 518, 506, 1650, 50.0, 'Стационарный с компенсацией утечек'),
(77, 1, 'ИВЛ, соответствующий ТЗ', (SELECT id FROM equipment_type WHERE name='ИВЛ'), 1, 846200, 518, 506, 1650, 50.0, 'Стационарный с компенсацией утечек'),
(78, 1, 'ИВЛ, соответствующий ТЗ', (SELECT id FROM equipment_type WHERE name='ИВЛ'), 1, 500000, 537, 587, 1737, 58.8, 'Универсальный для ОРИТ'),
(79, 1, 'ИВЛ, соответствующий ТЗ', (SELECT id FROM equipment_type WHERE name='ИВЛ'), 1, 229068, 512, 512, 1725, 47.5, 'Интеллектуальная вентиляция с ASV'),
(80, 1, 'ИВЛ, соответствующий ТЗ', (SELECT id FROM equipment_type WHERE name='ИВЛ'), 1, 1189112, 512, 512, 1725, 47.5, 'Интеллектуальная вентиляция с ASV'),
(81, 1, 'ИВЛ, соответствующий ТЗ', (SELECT id FROM equipment_type WHERE name='ИВЛ'), 1, 767700, 512, 525, 1775, 63.8, 'Неонатальный с поддержкой HFOV'),
(82, 1, 'ИВЛ, соответствующий ТЗ', (SELECT id FROM equipment_type WHERE name='ИВЛ'), 1, 482650, 518, 506, 1650, 50.0, 'Стационарный с компенсацией утечек'),
(83, 1, 'ИВЛ, соответствующий ТЗ', (SELECT id FROM equipment_type WHERE name='ИВЛ'), 1, 2500000, 475, 487, 1062, 20.6, 'Неинвазивная вентиляция'),
(84, 1, 'ИВЛ, соответствующий ТЗ', (SELECT id FROM equipment_type WHERE name='ИВЛ'), 1, 20650000, 518, 506, 1650, 50.0, 'Стационарный с компенсацией утечек'),
(85, 1, 'ИВЛ, соответствующий ТЗ', (SELECT id FROM equipment_type WHERE name='ИВЛ'), 1, 2640000, 518, 506, 1650, 50.0, 'Стационарный с компенсацией утечек'),
(86, 1, 'ИВЛ, соответствующий ТЗ', (SELECT id FROM equipment_type WHERE name='ИВЛ'), 1, 16760000, 518, 506, 1650, 50.0, 'Стационарный с компенсацией утечек'),
(87, 1, 'Дефибриллятор, соответствующий ТЗ', (SELECT id FROM equipment_type WHERE name='Дефибриллятор'), 1, 727000, 400, 300, 350, 8.5, 'Монитор-дефибриллятор с пейсингом'),
(88, 1, 'Дефибриллятор, соответствующий ТЗ', (SELECT id FROM equipment_type WHERE name='Дефибриллятор'), 1, 98720, 400, 300, 350, 8.5, 'Монитор-дефибриллятор с пейсингом'),
(89, 1, 'Дефибриллятор, соответствующий ТЗ', (SELECT id FROM equipment_type WHERE name='Дефибриллятор'), 1, 10400775, 400, 300, 350, 8.5, 'Монитор-дефибриллятор с пейсингом'),
(90, 1, 'Дефибриллятор, соответствующий ТЗ', (SELECT id FROM equipment_type WHERE name='Дефибриллятор'), 1, 920000, 375, 287, 312, 6.9, 'Отечественный с бифазным импульсом'),
(91, 1, 'Дефибриллятор, соответствующий ТЗ', (SELECT id FROM equipment_type WHERE name='Дефибриллятор'), 1, 388537, 412, 312, 362, 9.0, 'Профессиональный с See-Thru CPR'),
(92, 1, 'Дефибриллятор, соответствующий ТЗ', (SELECT id FROM equipment_type WHERE name='Дефибриллятор'), 1, 8185030, 400, 300, 350, 8.5, 'Монитор-дефибриллятор с пейсингом'),
(93, 1, 'Дефибриллятор, соответствующий ТЗ', (SELECT id FROM equipment_type WHERE name='Дефибриллятор'), 1, 8591920, 362, 275, 300, 5.6, 'Портативный бифазный'),
(94, 1, 'Дефибриллятор, соответствующий ТЗ', (SELECT id FROM equipment_type WHERE name='Дефибриллятор'), 1, 2772800, 362, 275, 300, 5.6, 'Портативный бифазный'),
(95, 1, 'Дефибриллятор, соответствующий ТЗ', (SELECT id FROM equipment_type WHERE name='Дефибриллятор'), 1, 398500, 362, 275, 300, 5.6, 'Портативный бифазный'),
(96, 1, 'Дефибриллятор, соответствующий ТЗ', (SELECT id FROM equipment_type WHERE name='Дефибриллятор'), 1, 92425, 375, 287, 312, 6.9, 'Отечественный с бифазным импульсом'),
(97, 1, 'Дефибриллятор, соответствующий ТЗ', (SELECT id FROM equipment_type WHERE name='Дефибриллятор'), 1, 318500, 362, 275, 300, 5.6, 'Портативный бифазный'),
(98, 1, 'Дефибриллятор, соответствующий ТЗ', (SELECT id FROM equipment_type WHERE name='Дефибриллятор'), 1, 99900, 375, 287, 312, 6.9, 'Отечественный с бифазным импульсом'),
(99, 1, 'Дефибриллятор, соответствующий ТЗ', (SELECT id FROM equipment_type WHERE name='Дефибриллятор'), 1, 2812460, 362, 275, 300, 5.6, 'Портативный бифазный'),
(100, 1, 'Дефибриллятор, соответствующий ТЗ', (SELECT id FROM equipment_type WHERE name='Дефибриллятор'), 1, 134000, 412, 312, 362, 9.0, 'Профессиональный с See-Thru CPR'),
(101, 1, 'Дефибриллятор, соответствующий ТЗ', (SELECT id FROM equipment_type WHERE name='Дефибриллятор'), 1, 720000, 375, 287, 312, 6.9, 'Отечественный с бифазным импульсом'),
(102, 1, 'Дефибриллятор, соответствующий ТЗ', (SELECT id FROM equipment_type WHERE name='Дефибриллятор'), 1, 2034700, 362, 275, 300, 5.6, 'Портативный бифазный'),
(103, 1, 'Дефибриллятор, соответствующий ТЗ', (SELECT id FROM equipment_type WHERE name='Дефибриллятор'), 1, 485000, 400, 300, 350, 8.5, 'Монитор-дефибриллятор с пейсингом'),
(104, 1, 'Дефибриллятор, соответствующий ТЗ', (SELECT id FROM equipment_type WHERE name='Дефибриллятор'), 1, 149000, 375, 287, 312, 6.9, 'Отечественный с бифазным импульсом'),
(105, 1, 'Эндоскоп, соответствующий ТЗ', (SELECT id FROM equipment_type WHERE name='Эндоскоп'), 1, 451470, 2100, 162, 62, 1.2, 'С NBI и ESD-режимом'),
(106, 1, 'Эндоскоп, соответствующий ТЗ', (SELECT id FROM equipment_type WHERE name='Эндоскоп'), 1, 206200, 512, 600, 475, 31.2, 'HD-видеосистема с NBI'),
(107, 1, 'Эндоскоп, соответствующий ТЗ', (SELECT id FROM equipment_type WHERE name='Эндоскоп'), 1, 434073, 512, 600, 475, 31.2, 'HD-видеосистема с NBI'),
(108, 1, 'Эндоскоп, соответствующий ТЗ', (SELECT id FROM equipment_type WHERE name='Эндоскоп'), 1, 1800000, 2100, 162, 62, 1.2, 'С NBI и ESD-режимом'),
(109, 1, 'Эндоскоп, соответствующий ТЗ', (SELECT id FROM equipment_type WHERE name='Эндоскоп'), 1, 2330000, 512, 600, 475, 31.2, 'HD-видеосистема с NBI'),
(110, 1, 'Эндоскоп, соответствующий ТЗ', (SELECT id FROM equipment_type WHERE name='Эндоскоп'), 1, 1498511, 512, 600, 475, 31.2, 'HD-видеосистема с NBI'),
(111, 1, 'Эндоскоп, соответствующий ТЗ', (SELECT id FROM equipment_type WHERE name='Эндоскоп'), 1, 513900, 2125, 118, 118, 1.5, 'Гастроскоп с Blue Light Imaging'),
(112, 1, 'Эндоскоп, соответствующий ТЗ', (SELECT id FROM equipment_type WHERE name='Эндоскоп'), 1, 301644, 2125, 118, 118, 1.5, 'Гастроскоп с Blue Light Imaging'),
(113, 1, 'Эндоскоп, соответствующий ТЗ', (SELECT id FROM equipment_type WHERE name='Эндоскоп'), 1, 91430, 1475, 81, 81, 1.0, 'С HD-изображением'),
(114, 1, 'Эндоскоп, соответствующий ТЗ', (SELECT id FROM equipment_type WHERE name='Эндоскоп'), 1, 1520048, 1475, 81, 81, 1.0, 'С HD-изображением'),
(115, 1, 'Эндоскоп, соответствующий ТЗ', (SELECT id FROM equipment_type WHERE name='Эндоскоп'), 1, 572000, 1475, 81, 81, 1.0, 'С HD-изображением'),
(116, 1, 'Эндоскоп, соответствующий ТЗ', (SELECT id FROM equipment_type WHERE name='Эндоскоп'), 1, 111625, 2125, 118, 118, 1.5, 'Гастроскоп с Blue Light Imaging'),
(117, 1, 'Эндоскоп, соответствующий ТЗ', (SELECT id FROM equipment_type WHERE name='Эндоскоп'), 1, 85500, 1475, 81, 81, 1.0, 'С HD-изображением'),
(118, 1, 'Лабораторный анализатор, соответствующий ТЗ', (SELECT id FROM equipment_type WHERE name='Лабораторный анализатор'), 1, 109369, 1725, 937, 1712, 275.0, 'Электрохемилюминесцентный'),
(119, 1, 'Лабораторный анализатор, соответствующий ТЗ', (SELECT id FROM equipment_type WHERE name='Лабораторный анализатор'), 1, 1493208, 1812, 1025, 1725, 306.2, '800 тестов/час'),
(120, 1, 'Лабораторный анализатор, соответствующий ТЗ', (SELECT id FROM equipment_type WHERE name='Лабораторный анализатор'), 1, 109315, 1087, 750, 1187, 137.5, 'Автоматический коагулометр'),
(121, 1, 'Лабораторный анализатор, соответствующий ТЗ', (SELECT id FROM equipment_type WHERE name='Лабораторный анализатор'), 1, 1055430, 1725, 937, 1712, 275.0, 'Электрохемилюминесцентный'),
(122, 1, 'Лабораторный анализатор, соответствующий ТЗ', (SELECT id FROM equipment_type WHERE name='Лабораторный анализатор'), 1, 31744, 1087, 750, 1187, 137.5, 'Автоматический коагулометр'),
(123, 1, 'Лабораторный анализатор, соответствующий ТЗ', (SELECT id FROM equipment_type WHERE name='Лабораторный анализатор'), 1, 1140800, 1187, 850, 1375, 162.5, '5-Diff с флуоресценцией'),
(124, 1, 'Лабораторный анализатор, соответствующий ТЗ', (SELECT id FROM equipment_type WHERE name='Лабораторный анализатор'), 1, 167308, 1087, 750, 1187, 137.5, 'Автоматический коагулометр'),
(125, 1, 'Лабораторный анализатор, соответствующий ТЗ', (SELECT id FROM equipment_type WHERE name='Лабораторный анализатор'), 1, 1582525, 1187, 850, 1375, 162.5, '5-Diff с флуоресценцией'),
(126, 1, 'Лабораторный анализатор, соответствующий ТЗ', (SELECT id FROM equipment_type WHERE name='Лабораторный анализатор'), 1, 1300000, 1087, 750, 1187, 137.5, 'Автоматический коагулометр'),
(127, 1, 'Лабораторный анализатор, соответствующий ТЗ', (SELECT id FROM equipment_type WHERE name='Лабораторный анализатор'), 1, 476250, 1087, 750, 1187, 137.5, 'Автоматический коагулометр'),
(128, 1, 'Лабораторный анализатор, соответствующий ТЗ', (SELECT id FROM equipment_type WHERE name='Лабораторный анализатор'), 1, 870000, 1812, 1025, 1725, 306.2, '800 тестов/час');


-- ========== distributor_equipment_type ==========
INSERT INTO distributor_equipment_type (distributor_id, equipment_type_id) VALUES
(1, 1),
(1, 2),
(1, 4),
(1, 7),
(1, 8),
(2, 2),
(2, 5),
(2, 6),
(2, 9),
(3, 3),
(3, 4),
(3, 7),
(3, 8),
(3, 10),
(4, 1),
(4, 4),
(4, 9),
(4, 10),
(5, 2),
(5, 3),
(5, 5),
(5, 6),
(6, 4),
(6, 7),
(6, 8),
(6, 10),
(7, 1),
(7, 5),
(7, 6),
(7, 9),
(8, 2),
(8, 3),
(8, 4),
(8, 7),
(9, 1),
(9, 3),
(9, 8),
(9, 9),
(9, 10),
(10, 2),
(10, 5),
(10, 6),
(10, 8),
(10, 9);

-- ========== Заявки (1:1 с тендерами) ==========
INSERT INTO activity_apply (tender_id, status, created_at, contract_number, contract_signed_at, delivery_status, delivered_at, paid_at) VALUES
(1, 'SUBMITTED', TIMESTAMP '2026-03-29 10:00:00', NULL, NULL, 'NONE', NULL, NULL),
(2, 'WON', TIMESTAMP '2026-04-16 10:00:00', 'РМ-2026-0002', DATE '2026-05-16', 'DELIVERED', DATE '2026-06-10', NULL),
(3, 'SUBMITTED', TIMESTAMP '2026-03-02 10:00:00', NULL, NULL, 'NONE', NULL, NULL),
(4, 'WON', TIMESTAMP '2026-03-31 10:00:00', 'РМ-2026-0004', DATE '2026-05-23', 'ORDERED', NULL, NULL),
(5, 'WON', TIMESTAMP '2026-03-13 10:00:00', 'РМ-2026-0005', DATE '2026-05-15', 'DELIVERED', DATE '2026-06-15', NULL),
(6, 'WON', TIMESTAMP '2026-04-02 10:00:00', 'РМ-2026-0006', DATE '2026-05-12', 'DELIVERED', DATE '2026-06-06', NULL),
(7, 'WON', TIMESTAMP '2026-03-25 10:00:00', 'РМ-2026-0007', DATE '2026-05-15', 'NONE', NULL, NULL),
(8, 'WON', TIMESTAMP '2026-04-10 10:00:00', 'РМ-2026-0008', DATE '2026-05-12', 'NONE', NULL, NULL),
(9, 'LOST', TIMESTAMP '2026-02-17 10:00:00', NULL, NULL, 'NONE', NULL, NULL),
(10, 'WON', TIMESTAMP '2026-02-18 10:00:00', 'РМ-2026-0010', DATE '2026-04-21', 'ORDERED', NULL, NULL),
(11, 'WON', TIMESTAMP '2026-03-02 10:00:00', 'РМ-2026-0011', DATE '2026-04-17', 'ORDERED', NULL, NULL),
(12, 'LOST', TIMESTAMP '2026-02-26 10:00:00', NULL, NULL, 'NONE', NULL, NULL),
(13, 'WON', TIMESTAMP '2026-02-02 10:00:00', 'РМ-2026-0013', DATE '2026-04-05', 'PAID', DATE '2026-05-07', DATE '2026-05-25'),
(14, 'WON', TIMESTAMP '2026-02-06 10:00:00', 'РМ-2026-0014', DATE '2026-03-28', 'PAID', DATE '2026-04-25', DATE '2026-05-13'),
(15, 'WON', TIMESTAMP '2026-01-10 10:00:00', 'РМ-2026-0015', DATE '2026-04-05', 'DELIVERED', DATE '2026-05-14', NULL),
(16, 'LOST', TIMESTAMP '2026-01-27 10:00:00', NULL, NULL, 'NONE', NULL, NULL),
(17, 'WON', TIMESTAMP '2026-01-09 10:00:00', 'РМ-2026-0017', DATE '2026-03-29', 'NONE', NULL, NULL),
(18, 'LOST', TIMESTAMP '2025-12-03 10:00:00', NULL, NULL, 'NONE', NULL, NULL),
(19, 'WON', TIMESTAMP '2025-11-30 10:00:00', 'РМ-2026-0019', DATE '2026-03-11', 'DELIVERED', DATE '2026-04-26', NULL),
(20, 'WON', TIMESTAMP '2025-11-01 10:00:00', 'РМ-2026-0020', DATE '2026-03-14', 'PAID', DATE '2026-04-27', DATE '2026-05-07'),
(21, 'SUBMITTED', TIMESTAMP '2026-01-01 10:00:00', NULL, NULL, 'NONE', NULL, NULL),
(22, 'WON', TIMESTAMP '2026-01-12 10:00:00', 'РМ-2026-0022', DATE '2026-03-09', 'NONE', NULL, NULL),
(23, 'LOST', TIMESTAMP '2026-01-09 10:00:00', NULL, NULL, 'NONE', NULL, NULL),
(24, 'SUBMITTED', TIMESTAMP '2025-11-01 10:00:00', NULL, NULL, 'NONE', NULL, NULL),
(25, 'WON', TIMESTAMP '2025-11-06 10:00:00', 'РМ-2026-0025', DATE '2026-02-24', 'DELIVERED', DATE '2026-04-12', NULL),
(26, 'WON', TIMESTAMP '2025-12-07 10:00:00', 'РМ-2026-0026', DATE '2026-02-24', 'PAID', DATE '2026-04-23', DATE '2026-05-28'),
(27, 'WON', TIMESTAMP '2025-11-10 10:00:00', 'РМ-2026-0027', DATE '2026-02-14', 'PAID', DATE '2026-03-12', DATE '2026-04-07'),
(28, 'WON', TIMESTAMP '2026-04-21 10:00:00', 'РМ-2026-0028', DATE '2026-05-09', 'ORDERED', NULL, NULL),
(29, 'WON', TIMESTAMP '2025-05-12 10:00:00', 'РМ-2025-0029', DATE '2025-06-30', 'ORDERED', NULL, NULL),
(30, 'WON', TIMESTAMP '2025-03-13 10:00:00', 'РМ-2025-0030', DATE '2025-06-06', 'PAID', DATE '2025-06-29', DATE '2025-07-28'),
(31, 'SUBMITTED', TIMESTAMP '2025-01-25 10:00:00', NULL, NULL, 'NONE', NULL, NULL),
(32, 'LOST', TIMESTAMP '2025-02-23 10:00:00', NULL, NULL, 'NONE', NULL, NULL),
(33, 'SUBMITTED', TIMESTAMP '2024-06-02 10:00:00', NULL, NULL, 'NONE', NULL, NULL),
(34, 'LOST', TIMESTAMP '2022-04-24 10:00:00', NULL, NULL, 'NONE', NULL, NULL),
(35, 'LOST', TIMESTAMP '2022-05-10 10:00:00', NULL, NULL, 'NONE', NULL, NULL),
(36, 'WON', TIMESTAMP '2021-07-11 10:00:00', 'РМ-2021-0036', DATE '2021-10-28', 'PAID', DATE '2021-12-01', DATE '2021-12-26'),
(37, 'LOST', TIMESTAMP '2020-05-17 10:00:00', NULL, NULL, 'NONE', NULL, NULL),
(38, 'LOST', TIMESTAMP '2020-01-20 10:00:00', NULL, NULL, 'NONE', NULL, NULL),
(39, 'WON', TIMESTAMP '2020-05-23 10:00:00', 'РМ-2020-0039', DATE '2020-07-15', 'PAID', DATE '2020-08-13', DATE '2020-08-30'),
(40, 'LOST', TIMESTAMP '2020-01-25 10:00:00', NULL, NULL, 'NONE', NULL, NULL),
(41, 'WON', TIMESTAMP '2020-04-18 10:00:00', 'РМ-2020-0041', DATE '2020-05-20', 'PAID', DATE '2020-07-13', DATE '2020-07-21'),
(42, 'LOST', TIMESTAMP '2020-01-20 10:00:00', NULL, NULL, 'NONE', NULL, NULL),
(43, 'WON', TIMESTAMP '2020-03-26 10:00:00', 'РМ-2020-0043', DATE '2020-05-23', 'PAID', DATE '2020-07-25', DATE '2020-08-17'),
(44, 'WON', TIMESTAMP '2019-06-04 10:00:00', 'РМ-2019-0044', DATE '2019-09-02', 'DELIVERED', DATE '2019-10-07', NULL),
(45, 'LOST', TIMESTAMP '2018-01-29 10:00:00', NULL, NULL, 'NONE', NULL, NULL),
(46, 'WON', TIMESTAMP '2017-08-25 10:00:00', 'РМ-2017-0046', DATE '2017-10-21', 'PAID', DATE '2017-11-17', DATE '2017-12-09'),
(47, 'LOST', TIMESTAMP '2017-07-10 10:00:00', NULL, NULL, 'NONE', NULL, NULL),
(48, 'LOST', TIMESTAMP '2026-04-03 10:00:00', NULL, NULL, 'NONE', NULL, NULL),
(49, 'LOST', TIMESTAMP '2026-04-10 10:00:00', NULL, NULL, 'NONE', NULL, NULL),
(50, 'LOST', TIMESTAMP '2026-02-15 10:00:00', NULL, NULL, 'NONE', NULL, NULL),
(51, 'WON', TIMESTAMP '2026-02-28 10:00:00', 'РМ-2026-0051', DATE '2026-04-16', 'DELIVERED', DATE '2026-05-22', NULL),
(52, 'LOST', TIMESTAMP '2025-12-17 10:00:00', NULL, NULL, 'NONE', NULL, NULL),
(53, 'WON', TIMESTAMP '2025-11-07 10:00:00', 'РМ-2026-0053', DATE '2026-01-11', 'PAID', DATE '2026-03-10', DATE '2026-03-22'),
(54, 'WON', TIMESTAMP '2025-12-13 10:00:00', 'РМ-2026-0054', DATE '2026-01-13', 'ORDERED', NULL, NULL),
(55, 'WON', TIMESTAMP '2025-08-31 10:00:00', 'РМ-2025-0055', DATE '2025-12-16', 'ORDERED', NULL, NULL),
(56, 'WON', TIMESTAMP '2025-10-12 10:00:00', 'РМ-2025-0056', DATE '2025-11-27', 'NONE', NULL, NULL),
(57, 'LOST', TIMESTAMP '2025-07-24 10:00:00', NULL, NULL, 'NONE', NULL, NULL),
(58, 'WON', TIMESTAMP '2025-10-31 10:00:00', 'РМ-2025-0058', DATE '2025-11-27', 'PAID', DATE '2026-01-03', DATE '2026-01-11'),
(59, 'WON', TIMESTAMP '2025-08-24 10:00:00', 'РМ-2025-0059', DATE '2025-11-21', 'PAID', DATE '2025-12-17', DATE '2026-01-05'),
(60, 'WON', TIMESTAMP '2025-10-03 10:00:00', 'РМ-2025-0060', DATE '2025-11-09', 'DELIVERED', DATE '2026-01-03', NULL),
(61, 'LOST', TIMESTAMP '2025-10-12 10:00:00', NULL, NULL, 'NONE', NULL, NULL),
(62, 'WON', TIMESTAMP '2025-08-29 10:00:00', 'РМ-2025-0062', DATE '2025-11-16', 'NONE', NULL, NULL),
(63, 'LOST', TIMESTAMP '2025-09-15 10:00:00', NULL, NULL, 'NONE', NULL, NULL),
(64, 'WON', TIMESTAMP '2025-07-25 10:00:00', 'РМ-2025-0064', DATE '2025-10-30', 'DELIVERED', DATE '2025-11-28', NULL),
(65, 'LOST', TIMESTAMP '2025-06-29 10:00:00', NULL, NULL, 'NONE', NULL, NULL),
(66, 'LOST', TIMESTAMP '2025-05-25 10:00:00', NULL, NULL, 'NONE', NULL, NULL),
(67, 'WON', TIMESTAMP '2025-07-12 10:00:00', 'РМ-2025-0067', DATE '2025-10-10', 'PAID', DATE '2025-11-10', DATE '2025-11-28'),
(68, 'WON', TIMESTAMP '2025-08-04 10:00:00', 'РМ-2025-0068', DATE '2025-09-18', 'PAID', DATE '2025-10-28', DATE '2025-11-10'),
(69, 'LOST', TIMESTAMP '2025-08-21 10:00:00', NULL, NULL, 'NONE', NULL, NULL),
(70, 'LOST', TIMESTAMP '2025-07-31 10:00:00', NULL, NULL, 'NONE', NULL, NULL),
(71, 'LOST', TIMESTAMP '2025-06-28 10:00:00', NULL, NULL, 'NONE', NULL, NULL),
(72, 'LOST', TIMESTAMP '2025-05-09 10:00:00', NULL, NULL, 'NONE', NULL, NULL),
(73, 'LOST', TIMESTAMP '2025-04-09 10:00:00', NULL, NULL, 'NONE', NULL, NULL),
(74, 'WON', TIMESTAMP '2025-01-28 10:00:00', 'РМ-2025-0074', DATE '2025-05-16', 'DELIVERED', DATE '2025-07-01', NULL),
(75, 'LOST', TIMESTAMP '2025-03-07 10:00:00', NULL, NULL, 'NONE', NULL, NULL),
(76, 'WON', TIMESTAMP '2026-03-28 10:00:00', 'РМ-2026-0076', DATE '2026-05-21', 'ORDERED', NULL, NULL),
(77, 'WON', TIMESTAMP '2026-02-19 10:00:00', 'РМ-2026-0077', DATE '2026-05-14', 'NONE', NULL, NULL),
(78, 'DRAFT', TIMESTAMP '2025-11-17 10:00:00', NULL, NULL, 'NONE', NULL, NULL),
(79, 'LOST', TIMESTAMP '2025-06-27 10:00:00', NULL, NULL, 'NONE', NULL, NULL),
(80, 'LOST', TIMESTAMP '2025-05-05 10:00:00', NULL, NULL, 'NONE', NULL, NULL),
(81, 'WON', TIMESTAMP '2024-09-16 10:00:00', 'РМ-2024-0081', DATE '2024-12-27', 'PAID', DATE '2025-02-10', DATE '2025-03-11'),
(82, 'LOST', TIMESTAMP '2023-12-24 10:00:00', NULL, NULL, 'NONE', NULL, NULL),
(83, 'WON', TIMESTAMP '2023-04-29 10:00:00', 'РМ-2023-0083', DATE '2023-07-31', 'PAID', DATE '2023-09-21', DATE '2023-10-06'),
(84, 'LOST', TIMESTAMP '2022-07-11 10:00:00', NULL, NULL, 'NONE', NULL, NULL),
(85, 'WON', TIMESTAMP '2022-08-10 10:00:00', 'РМ-2022-0085', DATE '2022-09-26', 'PAID', DATE '2022-11-22', DATE '2022-12-14'),
(86, 'LOST', TIMESTAMP '2017-06-03 10:00:00', NULL, NULL, 'NONE', NULL, NULL),
(87, 'LOST', TIMESTAMP '2026-01-25 10:00:00', NULL, NULL, 'NONE', NULL, NULL),
(88, 'WON', TIMESTAMP '2025-11-30 10:00:00', 'РМ-2026-0088', DATE '2026-03-25', 'NONE', NULL, NULL),
(89, 'WON', TIMESTAMP '2026-01-03 10:00:00', 'РМ-2026-0089', DATE '2026-03-25', 'ORDERED', NULL, NULL),
(90, 'WON', TIMESTAMP '2025-03-03 10:00:00', 'РМ-2025-0090', DATE '2025-07-19', 'PAID', DATE '2025-08-31', DATE '2025-09-18'),
(91, 'WON', TIMESTAMP '2025-05-12 10:00:00', 'РМ-2025-0091', DATE '2025-07-03', 'PAID', DATE '2025-07-31', DATE '2025-08-18'),
(92, 'WON', TIMESTAMP '2025-03-06 10:00:00', 'РМ-2025-0092', DATE '2025-05-29', 'PAID', DATE '2025-07-21', DATE '2025-08-05'),
(93, 'WON', TIMESTAMP '2025-03-22 10:00:00', 'РМ-2025-0093', DATE '2025-05-17', 'PAID', DATE '2025-07-16', DATE '2025-07-27'),
(94, 'LOST', TIMESTAMP '2024-12-14 10:00:00', NULL, NULL, 'NONE', NULL, NULL),
(95, 'WON', TIMESTAMP '2025-02-02 10:00:00', 'РМ-2025-0095', DATE '2025-04-21', 'PAID', DATE '2025-05-16', DATE '2025-05-26'),
(96, 'WON', TIMESTAMP '2024-10-03 10:00:00', 'РМ-2024-0096', DATE '2024-11-05', 'PAID', DATE '2024-12-16', DATE '2025-01-11'),
(97, 'WON', TIMESTAMP '2024-03-23 10:00:00', 'РМ-2024-0097', DATE '2024-05-20', 'PAID', DATE '2024-06-24', DATE '2024-07-03'),
(98, 'WON', TIMESTAMP '2023-08-13 10:00:00', 'РМ-2023-0098', DATE '2023-09-28', 'PAID', DATE '2023-10-26', DATE '2023-11-19'),
(99, 'LOST', TIMESTAMP '2023-05-19 10:00:00', NULL, NULL, 'NONE', NULL, NULL),
(100, 'WON', TIMESTAMP '2022-09-17 10:00:00', 'РМ-2022-0100', DATE '2022-11-05', 'PAID', DATE '2022-12-23', DATE '2023-01-08'),
(101, 'LOST', TIMESTAMP '2022-08-24 10:00:00', NULL, NULL, 'NONE', NULL, NULL),
(102, 'WON', TIMESTAMP '2022-05-27 10:00:00', 'РМ-2022-0102', DATE '2022-07-18', 'PAID', DATE '2022-09-02', DATE '2022-09-28'),
(103, 'WON', TIMESTAMP '2021-08-03 10:00:00', 'РМ-2021-0103', DATE '2021-11-08', 'PAID', DATE '2021-11-29', DATE '2021-12-16'),
(104, 'SUBMITTED', TIMESTAMP '2021-04-03 10:00:00', NULL, NULL, 'NONE', NULL, NULL),
(105, 'SUBMITTED', TIMESTAMP '2026-04-17 10:00:00', NULL, NULL, 'NONE', NULL, NULL),
(106, 'DRAFT', TIMESTAMP '2026-05-21 10:00:00', NULL, NULL, 'NONE', NULL, NULL),
(107, 'SUBMITTED', TIMESTAMP '2026-05-13 10:00:00', NULL, NULL, 'NONE', NULL, NULL),
(108, 'WON', TIMESTAMP '2026-02-25 10:00:00', 'РМ-2026-0108', DATE '2026-05-26', 'DELIVERED', DATE '2026-07-09', NULL),
(109, 'WON', TIMESTAMP '2026-03-06 10:00:00', 'РМ-2026-0109', DATE '2026-05-29', 'ORDERED', NULL, NULL),
(110, 'LOST', TIMESTAMP '2026-04-15 10:00:00', NULL, NULL, 'NONE', NULL, NULL),
(111, 'LOST', TIMESTAMP '2026-04-02 10:00:00', NULL, NULL, 'NONE', NULL, NULL),
(112, 'WON', TIMESTAMP '2026-01-19 10:00:00', 'РМ-2026-0112', DATE '2026-05-17', 'ORDERED', NULL, NULL),
(113, 'LOST', TIMESTAMP '2025-11-25 10:00:00', NULL, NULL, 'NONE', NULL, NULL),
(114, 'WON', TIMESTAMP '2026-03-10 10:00:00', 'РМ-2026-0114', DATE '2026-05-01', 'NONE', NULL, NULL),
(115, 'LOST', TIMESTAMP '2025-11-24 10:00:00', NULL, NULL, 'NONE', NULL, NULL),
(116, 'LOST', TIMESTAMP '2026-02-02 10:00:00', NULL, NULL, 'NONE', NULL, NULL),
(117, 'LOST', TIMESTAMP '2026-02-03 10:00:00', NULL, NULL, 'NONE', NULL, NULL),
(118, 'DRAFT', TIMESTAMP '2026-04-14 10:00:00', NULL, NULL, 'NONE', NULL, NULL),
(119, 'WON', TIMESTAMP '2025-12-23 10:00:00', 'РМ-2026-0119', DATE '2026-03-09', 'ORDERED', NULL, NULL),
(120, 'WON', TIMESTAMP '2026-01-11 10:00:00', 'РМ-2026-0120', DATE '2026-02-25', 'DELIVERED', DATE '2026-03-31', NULL),
(121, 'LOST', TIMESTAMP '2025-12-31 10:00:00', NULL, NULL, 'NONE', NULL, NULL),
(122, 'WON', TIMESTAMP '2025-11-20 10:00:00', 'РМ-2025-0122', DATE '2025-12-30', 'DELIVERED', DATE '2026-02-02', NULL),
(123, 'WON', TIMESTAMP '2025-09-17 10:00:00', 'РМ-2025-0123', DATE '2025-10-08', 'PAID', DATE '2025-11-27', DATE '2025-12-27'),
(124, 'LOST', TIMESTAMP '2025-05-13 10:00:00', NULL, NULL, 'NONE', NULL, NULL),
(125, 'WON', TIMESTAMP '2025-06-05 10:00:00', 'РМ-2025-0125', DATE '2025-07-24', 'NONE', NULL, NULL),
(126, 'LOST', TIMESTAMP '2025-05-08 10:00:00', NULL, NULL, 'NONE', NULL, NULL),
(127, 'WON', TIMESTAMP '2025-01-08 10:00:00', 'РМ-2025-0127', DATE '2025-03-29', 'PAID', DATE '2025-05-22', DATE '2025-06-22'),
(128, 'LOST', TIMESTAMP '2024-08-31 10:00:00', NULL, NULL, 'NONE', NULL, NULL);

-- ========== Позиции заявок ==========
INSERT INTO apply_item (apply_id, tender_lot_id, med_equip_id, distributor_id, offered_cost, quantity) VALUES
(1, 1, 7, 8, 2704440.83, 1),
(2, 2, 11, 8, 568554.32, 1),
(3, 3, 9, 10, 613020.03, 1),
(4, 4, 10, 1, 526704.71, 1),
(5, 5, 7, 1, 9756396.05, 1),
(6, 6, 7, 5, 715130.59, 1),
(7, 7, 9, 2, 774232.51, 1),
(8, 8, 9, 10, 176827.12, 1),
(9, 9, 8, 5, 20518286.66, 1),
(10, 10, 7, 1, 8480491.98, 1),
(11, 11, 8, 8, 87656.88, 1),
(12, 12, 11, 10, 723552.49, 1),
(13, 13, 7, 8, 1272508.83, 1),
(14, 14, 7, 5, 244124.14, 1),
(15, 15, 12, 10, 10066300.68, 1),
(16, 16, 10, 5, 189036.04, 1),
(17, 17, 7, 10, 88456.51, 1),
(18, 18, 11, 8, 22071956.99, 1),
(19, 19, 8, 2, 46665.0, 1),
(20, 20, 8, 2, 168865.61, 1),
(21, 21, 12, 10, 413953.67, 1),
(22, 22, 10, 8, 105193.42, 1),
(23, 23, 11, 5, 408598.36, 1),
(24, 24, 8, 8, 86292.37, 1),
(25, 25, 9, 5, 1708940.6, 1),
(26, 26, 11, 8, 347588.39, 1),
(27, 27, 11, 2, 1157895.49, 1),
(28, 28, 22, 1, 220815.86, 1),
(29, 29, 20, 1, 1448497.54, 1),
(30, 30, 23, 3, 915736.41, 1),
(31, 31, 24, 1, 156671.75, 1),
(32, 32, 24, 6, 160603.94, 1),
(33, 33, 20, 6, 105942.81, 1),
(34, 34, 24, 1, 12355812.52, 1),
(35, 35, 21, 1, 20685722.07, 1),
(36, 36, 22, 6, 96525.2, 1),
(37, 37, 24, 4, 484584.26, 1),
(38, 38, 24, 1, 880975.71, 1),
(39, 39, 21, 3, 1357188.15, 1),
(40, 40, 22, 1, 2966671.52, 1),
(41, 41, 23, 6, 1297484.98, 1),
(42, 42, 22, 1, 2656260.94, 1),
(43, 43, 19, 4, 1233127.0, 1),
(44, 44, 20, 4, 289864.99, 1),
(45, 45, 20, 8, 3532958.01, 1),
(46, 46, 19, 8, 3970947.83, 1),
(47, 47, 21, 3, 2665064.28, 1),
(48, 48, 25, 7, 8126734.85, 1),
(49, 49, 29, 10, 15490992.75, 1),
(50, 50, 29, 5, 874925.01, 1),
(51, 51, 32, 10, 147207.25, 1),
(52, 52, 29, 10, 6126923.66, 1),
(53, 53, 26, 10, 663198.97, 1),
(54, 54, 31, 10, 6921511.56, 1),
(55, 55, 25, 5, 936154.63, 1),
(56, 56, 30, 10, 12491686.71, 1),
(57, 57, 30, 10, 19294910.43, 1),
(58, 58, 25, 7, 4598976.59, 1),
(59, 59, 26, 2, 346887.85, 1),
(60, 60, 25, 10, 57976201.24, 1),
(61, 61, 25, 2, 168250.84, 1),
(62, 62, 33, 5, 890384.45, 1),
(63, 63, 25, 2, 20955147.88, 1),
(64, 64, 29, 7, 62935686.18, 1),
(65, 65, 32, 2, 935826.85, 1),
(66, 66, 33, 10, 5686647.15, 1),
(67, 67, 30, 2, 18059874.28, 1),
(68, 68, 28, 7, 12097768.29, 1),
(69, 69, 32, 5, 4230330.28, 1),
(70, 70, 29, 10, 1990206.62, 1),
(71, 71, 26, 2, 5980404.34, 1),
(72, 72, 30, 2, 10131149.93, 1),
(73, 73, 29, 2, 1704409.62, 1),
(74, 74, 34, 7, 4737826.78, 1),
(75, 75, 32, 7, 148857.05, 1),
(76, 76, 16, 9, 18388009.62, 1),
(77, 77, 16, 3, 665383.66, 1),
(78, 78, 14, 3, 481932.15, 1),
(79, 79, 13, 9, 194803.11, 1),
(80, 80, 13, 5, 1132824.46, 1),
(81, 81, 18, 3, 662055.42, 1),
(82, 82, 16, 8, 411648.48, 1),
(83, 83, 15, 5, 2276079.02, 1),
(84, 84, 16, 9, 20356915.83, 1),
(85, 85, 16, 3, 2432996.43, 1),
(86, 86, 16, 5, 15212530.3, 1),
(87, 87, 39, 10, 632039.17, 1),
(88, 88, 39, 1, 90621.63, 1),
(89, 89, 39, 6, 8367648.72, 1),
(90, 90, 42, 6, 767782.22, 1),
(91, 91, 41, 3, 357773.78, 1),
(92, 92, 39, 10, 7492656.69, 1),
(93, 93, 40, 1, 7092981.16, 1),
(94, 94, 40, 9, 2638730.86, 1),
(95, 95, 40, 9, 318385.57, 1),
(96, 96, 42, 3, 78223.66, 1),
(97, 97, 40, 9, 265244.84, 1),
(98, 98, 42, 3, 80311.27, 1),
(99, 99, 40, 10, 2697600.49, 1),
(100, 100, 41, 1, 105664.18, 1),
(101, 101, 42, 10, 678083.97, 1),
(102, 102, 40, 1, 1892156.63, 1),
(103, 103, 39, 1, 439458.42, 1),
(104, 104, 42, 3, 136828.23, 1),
(105, 105, 51, 6, 403571.75, 1),
(106, 106, 47, 6, 197943.04, 1),
(107, 107, 47, 3, 360743.12, 1),
(108, 108, 51, 4, 1598671.91, 1),
(109, 109, 47, 4, 1960124.62, 1),
(110, 110, 47, 6, 1389756.45, 1),
(111, 111, 48, 9, 465825.99, 1),
(112, 112, 48, 9, 239813.13, 1),
(113, 113, 50, 6, 82530.05, 1),
(114, 114, 50, 9, 1289362.72, 1),
(115, 115, 50, 9, 532925.61, 1),
(116, 116, 48, 3, 107376.84, 1),
(117, 117, 50, 6, 80690.36, 1),
(118, 118, 43, 2, 100030.8, 1),
(119, 119, 44, 7, 1304510.71, 1),
(120, 120, 46, 9, 89844.62, 1),
(121, 121, 43, 2, 978986.35, 1),
(122, 122, 46, 9, 27929.53, 1),
(123, 123, 45, 7, 922577.14, 1),
(124, 124, 46, 4, 151283.01, 1),
(125, 125, 45, 10, 1422522.85, 1),
(126, 126, 46, 2, 1107806.81, 1),
(127, 127, 46, 10, 385106.85, 1),
(128, 128, 44, 7, 835472.28, 1);

-- ========== Запросы КП дистрибьюторам ==========
INSERT INTO price_request (tender_id, distributor_id, status, sent_at, response_date, note, created_at) VALUES
(1, 8, 'RESPONDED', TIMESTAMP '2026-03-26 10:00:00', DATE '2026-03-30', 'Получили предложение, ждём решения', TIMESTAMP '2026-03-25 10:00:00'),
(2, 8, 'ACCEPTED', TIMESTAMP '2026-04-13 10:00:00', DATE '2026-04-14', 'КП включено в заявку, контракт подписан', TIMESTAMP '2026-04-12 10:00:00'),
(3, 10, 'RESPONDED', TIMESTAMP '2026-02-27 10:00:00', DATE '2026-03-01', 'Получили предложение, ждём решения', TIMESTAMP '2026-02-26 10:00:00'),
(4, 1, 'ACCEPTED', TIMESTAMP '2026-03-27 10:00:00', DATE '2026-03-29', 'КП включено в заявку, контракт подписан', TIMESTAMP '2026-03-26 10:00:00'),
(5, 1, 'ACCEPTED', TIMESTAMP '2026-03-09 10:00:00', DATE '2026-03-11', 'КП включено в заявку, контракт подписан', TIMESTAMP '2026-03-08 10:00:00'),
(6, 5, 'ACCEPTED', TIMESTAMP '2026-03-31 10:00:00', DATE '2026-04-03', 'КП включено в заявку, контракт подписан', TIMESTAMP '2026-03-30 10:00:00'),
(7, 2, 'ACCEPTED', TIMESTAMP '2026-03-24 10:00:00', DATE '2026-03-27', 'КП включено в заявку, контракт подписан', TIMESTAMP '2026-03-23 10:00:00'),
(8, 10, 'ACCEPTED', TIMESTAMP '2026-04-06 10:00:00', DATE '2026-04-10', 'КП включено в заявку, контракт подписан', TIMESTAMP '2026-04-05 10:00:00'),
(9, 5, 'REJECTED', TIMESTAMP '2026-02-16 10:00:00', NULL, 'Аукцион проигран — закупка не состоялась', TIMESTAMP '2026-02-15 10:00:00'),
(10, 1, 'ACCEPTED', TIMESTAMP '2026-02-16 10:00:00', DATE '2026-02-17', 'КП включено в заявку, контракт подписан', TIMESTAMP '2026-02-15 10:00:00'),
(11, 8, 'ACCEPTED', TIMESTAMP '2026-02-26 10:00:00', DATE '2026-03-01', 'КП включено в заявку, контракт подписан', TIMESTAMP '2026-02-25 10:00:00'),
(12, 10, 'RESPONDED', TIMESTAMP '2026-02-25 10:00:00', DATE '2026-02-28', 'Получили предложение, по итогу аукциона не выиграли', TIMESTAMP '2026-02-24 10:00:00'),
(13, 8, 'ACCEPTED', TIMESTAMP '2026-01-29 10:00:00', DATE '2026-02-02', 'КП включено в заявку, контракт подписан', TIMESTAMP '2026-01-28 10:00:00'),
(14, 5, 'ACCEPTED', TIMESTAMP '2026-02-04 10:00:00', DATE '2026-02-05', 'КП включено в заявку, контракт подписан', TIMESTAMP '2026-02-03 10:00:00'),
(15, 10, 'ACCEPTED', TIMESTAMP '2026-01-06 10:00:00', DATE '2026-01-09', 'КП включено в заявку, контракт подписан', TIMESTAMP '2026-01-05 10:00:00'),
(16, 5, 'REJECTED', TIMESTAMP '2026-01-24 10:00:00', NULL, 'Аукцион проигран — закупка не состоялась', TIMESTAMP '2026-01-23 10:00:00'),
(17, 10, 'ACCEPTED', TIMESTAMP '2026-01-07 10:00:00', DATE '2026-01-11', 'КП включено в заявку, контракт подписан', TIMESTAMP '2026-01-06 10:00:00'),
(18, 8, 'RESPONDED', TIMESTAMP '2025-12-02 10:00:00', DATE '2025-12-05', 'Получили предложение, по итогу аукциона не выиграли', TIMESTAMP '2025-12-01 10:00:00'),
(19, 2, 'ACCEPTED', TIMESTAMP '2025-11-26 10:00:00', DATE '2025-11-27', 'КП включено в заявку, контракт подписан', TIMESTAMP '2025-11-25 10:00:00'),
(20, 2, 'ACCEPTED', TIMESTAMP '2025-10-29 10:00:00', DATE '2025-11-02', 'КП включено в заявку, контракт подписан', TIMESTAMP '2025-10-28 10:00:00'),
(21, 10, 'RESPONDED', TIMESTAMP '2025-12-30 10:00:00', DATE '2026-01-02', 'Получили предложение, ждём решения', TIMESTAMP '2025-12-29 10:00:00'),
(22, 8, 'ACCEPTED', TIMESTAMP '2026-01-11 10:00:00', DATE '2026-01-12', 'КП включено в заявку, контракт подписан', TIMESTAMP '2026-01-10 10:00:00'),
(23, 5, 'REJECTED', TIMESTAMP '2026-01-07 10:00:00', NULL, 'Аукцион проигран — закупка не состоялась', TIMESTAMP '2026-01-06 10:00:00'),
(24, 8, 'RESPONDED', TIMESTAMP '2025-10-30 10:00:00', DATE '2025-11-01', 'Получили предложение, ждём решения', TIMESTAMP '2025-10-29 10:00:00'),
(25, 5, 'ACCEPTED', TIMESTAMP '2025-11-04 10:00:00', DATE '2025-11-06', 'КП включено в заявку, контракт подписан', TIMESTAMP '2025-11-03 10:00:00'),
(26, 8, 'ACCEPTED', TIMESTAMP '2025-12-06 10:00:00', DATE '2025-12-07', 'КП включено в заявку, контракт подписан', TIMESTAMP '2025-12-05 10:00:00'),
(27, 2, 'ACCEPTED', TIMESTAMP '2025-11-06 10:00:00', DATE '2025-11-09', 'КП включено в заявку, контракт подписан', TIMESTAMP '2025-11-05 10:00:00'),
(28, 1, 'ACCEPTED', TIMESTAMP '2026-04-20 10:00:00', DATE '2026-04-23', 'КП включено в заявку, контракт подписан', TIMESTAMP '2026-04-19 10:00:00'),
(29, 1, 'ACCEPTED', TIMESTAMP '2025-05-09 10:00:00', DATE '2025-05-13', 'КП включено в заявку, контракт подписан', TIMESTAMP '2025-05-08 10:00:00'),
(30, 3, 'ACCEPTED', TIMESTAMP '2025-03-11 10:00:00', DATE '2025-03-15', 'КП включено в заявку, контракт подписан', TIMESTAMP '2025-03-10 10:00:00'),
(31, 1, 'RESPONDED', TIMESTAMP '2025-01-22 10:00:00', DATE '2025-01-23', 'Получили предложение, ждём решения', TIMESTAMP '2025-01-21 10:00:00'),
(32, 6, 'RESPONDED', TIMESTAMP '2025-02-22 10:00:00', DATE '2025-02-23', 'Получили предложение, по итогу аукциона не выиграли', TIMESTAMP '2025-02-21 10:00:00'),
(33, 6, 'RESPONDED', TIMESTAMP '2024-06-01 10:00:00', DATE '2024-06-02', 'Получили предложение, ждём решения', TIMESTAMP '2024-05-31 10:00:00'),
(34, 1, 'RESPONDED', TIMESTAMP '2022-04-20 10:00:00', DATE '2022-04-21', 'Получили предложение, по итогу аукциона не выиграли', TIMESTAMP '2022-04-19 10:00:00'),
(35, 1, 'REJECTED', TIMESTAMP '2022-05-07 10:00:00', NULL, 'Аукцион проигран — закупка не состоялась', TIMESTAMP '2022-05-06 10:00:00'),
(36, 6, 'ACCEPTED', TIMESTAMP '2021-07-09 10:00:00', DATE '2021-07-12', 'КП включено в заявку, контракт подписан', TIMESTAMP '2021-07-08 10:00:00'),
(37, 4, 'RESPONDED', TIMESTAMP '2020-05-16 10:00:00', DATE '2020-05-18', 'Получили предложение, по итогу аукциона не выиграли', TIMESTAMP '2020-05-15 10:00:00'),
(38, 1, 'REJECTED', TIMESTAMP '2020-01-19 10:00:00', NULL, 'Аукцион проигран — закупка не состоялась', TIMESTAMP '2020-01-18 10:00:00'),
(39, 3, 'ACCEPTED', TIMESTAMP '2020-05-20 10:00:00', DATE '2020-05-23', 'КП включено в заявку, контракт подписан', TIMESTAMP '2020-05-19 10:00:00'),
(40, 1, 'REJECTED', TIMESTAMP '2020-01-21 10:00:00', NULL, 'Аукцион проигран — закупка не состоялась', TIMESTAMP '2020-01-20 10:00:00'),
(41, 6, 'ACCEPTED', TIMESTAMP '2020-04-15 10:00:00', DATE '2020-04-17', 'КП включено в заявку, контракт подписан', TIMESTAMP '2020-04-14 10:00:00'),
(42, 1, 'RESPONDED', TIMESTAMP '2020-01-19 10:00:00', DATE '2020-01-20', 'Получили предложение, по итогу аукциона не выиграли', TIMESTAMP '2020-01-18 10:00:00'),
(43, 4, 'ACCEPTED', TIMESTAMP '2020-03-23 10:00:00', DATE '2020-03-27', 'КП включено в заявку, контракт подписан', TIMESTAMP '2020-03-22 10:00:00'),
(44, 4, 'ACCEPTED', TIMESTAMP '2019-05-31 10:00:00', DATE '2019-06-03', 'КП включено в заявку, контракт подписан', TIMESTAMP '2019-05-30 10:00:00'),
(45, 8, 'REJECTED', TIMESTAMP '2018-01-28 10:00:00', NULL, 'Аукцион проигран — закупка не состоялась', TIMESTAMP '2018-01-27 10:00:00'),
(46, 8, 'ACCEPTED', TIMESTAMP '2017-08-22 10:00:00', DATE '2017-08-24', 'КП включено в заявку, контракт подписан', TIMESTAMP '2017-08-21 10:00:00'),
(47, 3, 'REJECTED', TIMESTAMP '2017-07-06 10:00:00', NULL, 'Аукцион проигран — закупка не состоялась', TIMESTAMP '2017-07-05 10:00:00'),
(48, 7, 'REJECTED', TIMESTAMP '2026-04-02 10:00:00', NULL, 'Аукцион проигран — закупка не состоялась', TIMESTAMP '2026-04-01 10:00:00'),
(49, 10, 'RESPONDED', TIMESTAMP '2026-04-09 10:00:00', DATE '2026-04-10', 'Получили предложение, по итогу аукциона не выиграли', TIMESTAMP '2026-04-08 10:00:00'),
(50, 5, 'REJECTED', TIMESTAMP '2026-02-14 10:00:00', NULL, 'Аукцион проигран — закупка не состоялась', TIMESTAMP '2026-02-13 10:00:00'),
(51, 10, 'ACCEPTED', TIMESTAMP '2026-02-27 10:00:00', DATE '2026-03-01', 'КП включено в заявку, контракт подписан', TIMESTAMP '2026-02-26 10:00:00'),
(52, 10, 'RESPONDED', TIMESTAMP '2025-12-13 10:00:00', DATE '2025-12-14', 'Получили предложение, по итогу аукциона не выиграли', TIMESTAMP '2025-12-12 10:00:00'),
(53, 10, 'ACCEPTED', TIMESTAMP '2025-11-04 10:00:00', DATE '2025-11-08', 'КП включено в заявку, контракт подписан', TIMESTAMP '2025-11-03 10:00:00'),
(54, 10, 'ACCEPTED', TIMESTAMP '2025-12-09 10:00:00', DATE '2025-12-12', 'КП включено в заявку, контракт подписан', TIMESTAMP '2025-12-08 10:00:00'),
(55, 5, 'ACCEPTED', TIMESTAMP '2025-08-30 10:00:00', DATE '2025-09-03', 'КП включено в заявку, контракт подписан', TIMESTAMP '2025-08-29 10:00:00'),
(56, 10, 'ACCEPTED', TIMESTAMP '2025-10-10 10:00:00', DATE '2025-10-14', 'КП включено в заявку, контракт подписан', TIMESTAMP '2025-10-09 10:00:00'),
(57, 10, 'REJECTED', TIMESTAMP '2025-07-20 10:00:00', NULL, 'Аукцион проигран — закупка не состоялась', TIMESTAMP '2025-07-19 10:00:00'),
(58, 7, 'ACCEPTED', TIMESTAMP '2025-10-27 10:00:00', DATE '2025-10-30', 'КП включено в заявку, контракт подписан', TIMESTAMP '2025-10-26 10:00:00'),
(59, 2, 'ACCEPTED', TIMESTAMP '2025-08-20 10:00:00', DATE '2025-08-21', 'КП включено в заявку, контракт подписан', TIMESTAMP '2025-08-19 10:00:00'),
(60, 10, 'ACCEPTED', TIMESTAMP '2025-10-02 10:00:00', DATE '2025-10-06', 'КП включено в заявку, контракт подписан', TIMESTAMP '2025-10-01 10:00:00'),
(61, 2, 'REJECTED', TIMESTAMP '2025-10-11 10:00:00', NULL, 'Аукцион проигран — закупка не состоялась', TIMESTAMP '2025-10-10 10:00:00'),
(62, 5, 'ACCEPTED', TIMESTAMP '2025-08-26 10:00:00', DATE '2025-08-28', 'КП включено в заявку, контракт подписан', TIMESTAMP '2025-08-25 10:00:00'),
(63, 2, 'RESPONDED', TIMESTAMP '2025-09-14 10:00:00', DATE '2025-09-15', 'Получили предложение, по итогу аукциона не выиграли', TIMESTAMP '2025-09-13 10:00:00'),
(64, 7, 'ACCEPTED', TIMESTAMP '2025-07-23 10:00:00', DATE '2025-07-25', 'КП включено в заявку, контракт подписан', TIMESTAMP '2025-07-22 10:00:00'),
(65, 2, 'REJECTED', TIMESTAMP '2025-06-27 10:00:00', NULL, 'Аукцион проигран — закупка не состоялась', TIMESTAMP '2025-06-26 10:00:00'),
(66, 10, 'RESPONDED', TIMESTAMP '2025-05-21 10:00:00', DATE '2025-05-23', 'Получили предложение, по итогу аукциона не выиграли', TIMESTAMP '2025-05-20 10:00:00'),
(67, 2, 'ACCEPTED', TIMESTAMP '2025-07-10 10:00:00', DATE '2025-07-12', 'КП включено в заявку, контракт подписан', TIMESTAMP '2025-07-09 10:00:00'),
(68, 7, 'ACCEPTED', TIMESTAMP '2025-08-03 10:00:00', DATE '2025-08-05', 'КП включено в заявку, контракт подписан', TIMESTAMP '2025-08-02 10:00:00'),
(69, 5, 'REJECTED', TIMESTAMP '2025-08-19 10:00:00', NULL, 'Аукцион проигран — закупка не состоялась', TIMESTAMP '2025-08-18 10:00:00'),
(70, 10, 'REJECTED', TIMESTAMP '2025-07-27 10:00:00', NULL, 'Аукцион проигран — закупка не состоялась', TIMESTAMP '2025-07-26 10:00:00'),
(71, 2, 'RESPONDED', TIMESTAMP '2025-06-24 10:00:00', DATE '2025-06-26', 'Получили предложение, по итогу аукциона не выиграли', TIMESTAMP '2025-06-23 10:00:00'),
(72, 2, 'RESPONDED', TIMESTAMP '2025-05-05 10:00:00', DATE '2025-05-08', 'Получили предложение, по итогу аукциона не выиграли', TIMESTAMP '2025-05-04 10:00:00'),
(73, 2, 'REJECTED', TIMESTAMP '2025-04-07 10:00:00', NULL, 'Аукцион проигран — закупка не состоялась', TIMESTAMP '2025-04-06 10:00:00'),
(74, 7, 'ACCEPTED', TIMESTAMP '2025-01-26 10:00:00', DATE '2025-01-30', 'КП включено в заявку, контракт подписан', TIMESTAMP '2025-01-25 10:00:00'),
(75, 7, 'RESPONDED', TIMESTAMP '2025-03-05 10:00:00', DATE '2025-03-06', 'Получили предложение, по итогу аукциона не выиграли', TIMESTAMP '2025-03-04 10:00:00'),
(76, 9, 'ACCEPTED', TIMESTAMP '2026-03-25 10:00:00', DATE '2026-03-28', 'КП включено в заявку, контракт подписан', TIMESTAMP '2026-03-24 10:00:00'),
(77, 3, 'ACCEPTED', TIMESTAMP '2026-02-18 10:00:00', DATE '2026-02-22', 'КП включено в заявку, контракт подписан', TIMESTAMP '2026-02-17 10:00:00'),
(78, 3, 'SENT', TIMESTAMP '2025-11-15 10:00:00', NULL, 'Запрос подготовлен', TIMESTAMP '2025-11-14 10:00:00'),
(79, 9, 'RESPONDED', TIMESTAMP '2025-06-26 10:00:00', DATE '2025-06-30', 'Получили предложение, по итогу аукциона не выиграли', TIMESTAMP '2025-06-25 10:00:00'),
(80, 5, 'REJECTED', TIMESTAMP '2025-05-04 10:00:00', NULL, 'Аукцион проигран — закупка не состоялась', TIMESTAMP '2025-05-03 10:00:00'),
(81, 3, 'ACCEPTED', TIMESTAMP '2024-09-14 10:00:00', DATE '2024-09-17', 'КП включено в заявку, контракт подписан', TIMESTAMP '2024-09-13 10:00:00'),
(82, 8, 'RESPONDED', TIMESTAMP '2023-12-22 10:00:00', DATE '2023-12-26', 'Получили предложение, по итогу аукциона не выиграли', TIMESTAMP '2023-12-21 10:00:00'),
(83, 5, 'ACCEPTED', TIMESTAMP '2023-04-25 10:00:00', DATE '2023-04-28', 'КП включено в заявку, контракт подписан', TIMESTAMP '2023-04-24 10:00:00'),
(84, 9, 'RESPONDED', TIMESTAMP '2022-07-07 10:00:00', DATE '2022-07-11', 'Получили предложение, по итогу аукциона не выиграли', TIMESTAMP '2022-07-06 10:00:00'),
(85, 3, 'ACCEPTED', TIMESTAMP '2022-08-08 10:00:00', DATE '2022-08-10', 'КП включено в заявку, контракт подписан', TIMESTAMP '2022-08-07 10:00:00'),
(86, 5, 'RESPONDED', TIMESTAMP '2017-05-31 10:00:00', DATE '2017-06-02', 'Получили предложение, по итогу аукциона не выиграли', TIMESTAMP '2017-05-30 10:00:00'),
(87, 10, 'REJECTED', TIMESTAMP '2026-01-23 10:00:00', NULL, 'Аукцион проигран — закупка не состоялась', TIMESTAMP '2026-01-22 10:00:00'),
(88, 1, 'ACCEPTED', TIMESTAMP '2025-11-28 10:00:00', DATE '2025-12-02', 'КП включено в заявку, контракт подписан', TIMESTAMP '2025-11-27 10:00:00'),
(89, 6, 'ACCEPTED', TIMESTAMP '2026-01-02 10:00:00', DATE '2026-01-03', 'КП включено в заявку, контракт подписан', TIMESTAMP '2026-01-01 10:00:00'),
(90, 6, 'ACCEPTED', TIMESTAMP '2025-03-02 10:00:00', DATE '2025-03-03', 'КП включено в заявку, контракт подписан', TIMESTAMP '2025-03-01 10:00:00'),
(91, 3, 'ACCEPTED', TIMESTAMP '2025-05-11 10:00:00', DATE '2025-05-14', 'КП включено в заявку, контракт подписан', TIMESTAMP '2025-05-10 10:00:00'),
(92, 10, 'ACCEPTED', TIMESTAMP '2025-03-03 10:00:00', DATE '2025-03-06', 'КП включено в заявку, контракт подписан', TIMESTAMP '2025-03-02 10:00:00'),
(93, 1, 'ACCEPTED', TIMESTAMP '2025-03-19 10:00:00', DATE '2025-03-20', 'КП включено в заявку, контракт подписан', TIMESTAMP '2025-03-18 10:00:00'),
(94, 9, 'RESPONDED', TIMESTAMP '2024-12-11 10:00:00', DATE '2024-12-12', 'Получили предложение, по итогу аукциона не выиграли', TIMESTAMP '2024-12-10 10:00:00'),
(95, 9, 'ACCEPTED', TIMESTAMP '2025-01-31 10:00:00', DATE '2025-02-03', 'КП включено в заявку, контракт подписан', TIMESTAMP '2025-01-30 10:00:00'),
(96, 3, 'ACCEPTED', TIMESTAMP '2024-10-02 10:00:00', DATE '2024-10-06', 'КП включено в заявку, контракт подписан', TIMESTAMP '2024-10-01 10:00:00'),
(97, 9, 'ACCEPTED', TIMESTAMP '2024-03-20 10:00:00', DATE '2024-03-23', 'КП включено в заявку, контракт подписан', TIMESTAMP '2024-03-19 10:00:00'),
(98, 3, 'ACCEPTED', TIMESTAMP '2023-08-10 10:00:00', DATE '2023-08-11', 'КП включено в заявку, контракт подписан', TIMESTAMP '2023-08-09 10:00:00'),
(99, 10, 'RESPONDED', TIMESTAMP '2023-05-18 10:00:00', DATE '2023-05-22', 'Получили предложение, по итогу аукциона не выиграли', TIMESTAMP '2023-05-17 10:00:00'),
(100, 1, 'ACCEPTED', TIMESTAMP '2022-09-13 10:00:00', DATE '2022-09-17', 'КП включено в заявку, контракт подписан', TIMESTAMP '2022-09-12 10:00:00'),
(101, 10, 'REJECTED', TIMESTAMP '2022-08-22 10:00:00', NULL, 'Аукцион проигран — закупка не состоялась', TIMESTAMP '2022-08-21 10:00:00'),
(102, 1, 'ACCEPTED', TIMESTAMP '2022-05-25 10:00:00', DATE '2022-05-28', 'КП включено в заявку, контракт подписан', TIMESTAMP '2022-05-24 10:00:00'),
(103, 1, 'ACCEPTED', TIMESTAMP '2021-07-30 10:00:00', DATE '2021-08-03', 'КП включено в заявку, контракт подписан', TIMESTAMP '2021-07-29 10:00:00'),
(104, 3, 'RESPONDED', TIMESTAMP '2021-04-01 10:00:00', DATE '2021-04-05', 'Получили предложение, ждём решения', TIMESTAMP '2021-03-31 10:00:00'),
(105, 6, 'RESPONDED', TIMESTAMP '2026-04-15 10:00:00', DATE '2026-04-19', 'Получили предложение, ждём решения', TIMESTAMP '2026-04-14 10:00:00'),
(106, 6, 'SENT', TIMESTAMP '2026-05-19 10:00:00', NULL, 'Запрос подготовлен', TIMESTAMP '2026-05-18 10:00:00'),
(107, 3, 'RESPONDED', TIMESTAMP '2026-05-10 10:00:00', DATE '2026-05-13', 'Получили предложение, ждём решения', TIMESTAMP '2026-05-09 10:00:00'),
(108, 4, 'ACCEPTED', TIMESTAMP '2026-02-24 10:00:00', DATE '2026-02-26', 'КП включено в заявку, контракт подписан', TIMESTAMP '2026-02-23 10:00:00'),
(109, 4, 'ACCEPTED', TIMESTAMP '2026-03-02 10:00:00', DATE '2026-03-03', 'КП включено в заявку, контракт подписан', TIMESTAMP '2026-03-01 10:00:00'),
(110, 6, 'RESPONDED', TIMESTAMP '2026-04-11 10:00:00', DATE '2026-04-15', 'Получили предложение, по итогу аукциона не выиграли', TIMESTAMP '2026-04-10 10:00:00'),
(111, 9, 'REJECTED', TIMESTAMP '2026-03-31 10:00:00', NULL, 'Аукцион проигран — закупка не состоялась', TIMESTAMP '2026-03-30 10:00:00'),
(112, 9, 'ACCEPTED', TIMESTAMP '2026-01-16 10:00:00', DATE '2026-01-17', 'КП включено в заявку, контракт подписан', TIMESTAMP '2026-01-15 10:00:00'),
(113, 6, 'RESPONDED', TIMESTAMP '2025-11-22 10:00:00', DATE '2025-11-25', 'Получили предложение, по итогу аукциона не выиграли', TIMESTAMP '2025-11-21 10:00:00'),
(114, 9, 'ACCEPTED', TIMESTAMP '2026-03-06 10:00:00', DATE '2026-03-07', 'КП включено в заявку, контракт подписан', TIMESTAMP '2026-03-05 10:00:00'),
(115, 9, 'REJECTED', TIMESTAMP '2025-11-23 10:00:00', NULL, 'Аукцион проигран — закупка не состоялась', TIMESTAMP '2025-11-22 10:00:00'),
(116, 3, 'RESPONDED', TIMESTAMP '2026-01-30 10:00:00', DATE '2026-02-01', 'Получили предложение, по итогу аукциона не выиграли', TIMESTAMP '2026-01-29 10:00:00'),
(117, 6, 'REJECTED', TIMESTAMP '2026-01-31 10:00:00', NULL, 'Аукцион проигран — закупка не состоялась', TIMESTAMP '2026-01-30 10:00:00'),
(118, 2, 'SENT', TIMESTAMP '2026-04-13 10:00:00', NULL, 'Запрос подготовлен', TIMESTAMP '2026-04-12 10:00:00'),
(119, 7, 'ACCEPTED', TIMESTAMP '2025-12-22 10:00:00', DATE '2025-12-25', 'КП включено в заявку, контракт подписан', TIMESTAMP '2025-12-21 10:00:00'),
(120, 9, 'ACCEPTED', TIMESTAMP '2026-01-09 10:00:00', DATE '2026-01-10', 'КП включено в заявку, контракт подписан', TIMESTAMP '2026-01-08 10:00:00'),
(121, 2, 'REJECTED', TIMESTAMP '2025-12-27 10:00:00', NULL, 'Аукцион проигран — закупка не состоялась', TIMESTAMP '2025-12-26 10:00:00'),
(122, 9, 'ACCEPTED', TIMESTAMP '2025-11-17 10:00:00', DATE '2025-11-18', 'КП включено в заявку, контракт подписан', TIMESTAMP '2025-11-16 10:00:00'),
(123, 7, 'ACCEPTED', TIMESTAMP '2025-09-16 10:00:00', DATE '2025-09-19', 'КП включено в заявку, контракт подписан', TIMESTAMP '2025-09-15 10:00:00'),
(124, 4, 'RESPONDED', TIMESTAMP '2025-05-12 10:00:00', DATE '2025-05-15', 'Получили предложение, по итогу аукциона не выиграли', TIMESTAMP '2025-05-11 10:00:00'),
(125, 10, 'ACCEPTED', TIMESTAMP '2025-06-02 10:00:00', DATE '2025-06-06', 'КП включено в заявку, контракт подписан', TIMESTAMP '2025-06-01 10:00:00'),
(126, 2, 'RESPONDED', TIMESTAMP '2025-05-07 10:00:00', DATE '2025-05-09', 'Получили предложение, по итогу аукциона не выиграли', TIMESTAMP '2025-05-06 10:00:00'),
(127, 10, 'ACCEPTED', TIMESTAMP '2025-01-04 10:00:00', DATE '2025-01-07', 'КП включено в заявку, контракт подписан', TIMESTAMP '2025-01-03 10:00:00'),
(128, 7, 'RESPONDED', TIMESTAMP '2024-08-27 10:00:00', DATE '2024-08-31', 'Получили предложение, по итогу аукциона не выиграли', TIMESTAMP '2024-08-26 10:00:00');

-- ========== Позиции запросов КП ==========
INSERT INTO price_request_item (price_request_id, tender_lot_id, med_equipment_id, requested_quantity, response_price, response_note) VALUES
(1, 1, 7, 1, 2052877.81, 'Поставка в течение 30 дней с момента заключения договора'),
(2, 2, 11, 1, 448645.77, 'Поставка в течение 30 дней с момента заключения договора'),
(3, 3, 9, 1, 389395.85, 'Поставка в течение 30 дней с момента заключения договора'),
(4, 4, 10, 1, 431522.63, 'Поставка в течение 30 дней с момента заключения договора'),
(5, 5, 7, 1, 7399457.96, 'Поставка в течение 30 дней с момента заключения договора'),
(6, 6, 7, 1, 460444.67, 'Поставка в течение 30 дней с момента заключения договора'),
(7, 7, 9, 1, 491630.92, 'Поставка в течение 30 дней с момента заключения договора'),
(8, 8, 9, 1, 115982.85, 'Поставка в течение 30 дней с момента заключения договора'),
(9, 9, 8, 1, NULL, 'Отказ — оборудование вне ассортимента'),
(10, 10, 7, 1, 6768952.57, 'Поставка в течение 30 дней с момента заключения договора'),
(11, 11, 8, 1, 72600.74, 'Поставка в течение 30 дней с момента заключения договора'),
(12, 12, 11, 1, 467176.19, 'Поставка в течение 30 дней с момента заключения договора'),
(13, 13, 7, 1, 973799.9, 'Поставка в течение 30 дней с момента заключения договора'),
(14, 14, 7, 1, 186393.23, 'Поставка в течение 30 дней с момента заключения договора'),
(15, 15, 12, 1, 7646262.5, 'Поставка в течение 30 дней с момента заключения договора'),
(16, 16, 10, 1, NULL, 'Отказ — оборудование вне ассортимента'),
(17, 17, 7, 1, 71091.59, 'Поставка в течение 30 дней с момента заключения договора'),
(18, 18, 11, 1, 14358510.71, 'Поставка в течение 30 дней с момента заключения договора'),
(19, 19, 8, 1, 34524.22, 'Поставка в течение 30 дней с момента заключения договора'),
(20, 20, 8, 1, 105052.57, 'Поставка в течение 30 дней с момента заключения договора'),
(21, 21, 12, 1, 328970.73, 'Поставка в течение 30 дней с момента заключения договора'),
(22, 22, 10, 1, 87470.46, 'Поставка в течение 30 дней с момента заключения договора'),
(23, 23, 11, 1, NULL, 'Отказ — оборудование вне ассортимента'),
(24, 24, 8, 1, 60589.49, 'Поставка в течение 30 дней с момента заключения договора'),
(25, 25, 9, 1, 1357456.81, 'Поставка в течение 30 дней с момента заключения договора'),
(26, 26, 11, 1, 227962.04, 'Поставка в течение 30 дней с момента заключения договора'),
(27, 27, 11, 1, 856769.73, 'Поставка в течение 30 дней с момента заключения договора'),
(28, 28, 22, 1, 170240.43, 'Поставка в течение 30 дней с момента заключения договора'),
(29, 29, 20, 1, 964924.59, 'Поставка в течение 30 дней с момента заключения договора'),
(30, 30, 23, 1, 664136.77, 'Поставка в течение 30 дней с момента заключения договора'),
(31, 31, 24, 1, 125480.96, 'Поставка в течение 30 дней с момента заключения договора'),
(32, 32, 24, 1, 115743.24, 'Поставка в течение 30 дней с момента заключения договора'),
(33, 33, 20, 1, 73273.85, 'Поставка в течение 30 дней с момента заключения договора'),
(34, 34, 24, 1, 7741469.7, 'Поставка в течение 30 дней с момента заключения договора'),
(35, 35, 21, 1, NULL, 'Отказ — оборудование вне ассортимента'),
(36, 36, 22, 1, 80642.49, 'Поставка в течение 30 дней с момента заключения договора'),
(37, 37, 24, 1, 310334.55, 'Поставка в течение 30 дней с момента заключения договора'),
(38, 38, 24, 1, NULL, 'Отказ — оборудование вне ассортимента'),
(39, 39, 21, 1, 1137178.99, 'Поставка в течение 30 дней с момента заключения договора'),
(40, 40, 22, 1, NULL, 'Отказ — оборудование вне ассортимента'),
(41, 41, 23, 1, 883774.16, 'Поставка в течение 30 дней с момента заключения договора'),
(42, 42, 22, 1, 1813182.46, 'Поставка в течение 30 дней с момента заключения договора'),
(43, 43, 19, 1, 993335.73, 'Поставка в течение 30 дней с момента заключения договора'),
(44, 44, 20, 1, 200929.99, 'Поставка в течение 30 дней с момента заключения договора'),
(45, 45, 20, 1, NULL, 'Отказ — оборудование вне ассортимента'),
(46, 46, 19, 1, 3030576.27, 'Поставка в течение 30 дней с момента заключения договора'),
(47, 47, 21, 1, NULL, 'Отказ — оборудование вне ассортимента'),
(48, 48, 25, 1, NULL, 'Отказ — оборудование вне ассортимента'),
(49, 49, 29, 1, 13104290.27, 'Поставка в течение 30 дней с момента заключения договора'),
(50, 50, 29, 1, NULL, 'Отказ — оборудование вне ассортимента'),
(51, 51, 32, 1, 124447.59, 'Поставка в течение 30 дней с момента заключения договора'),
(52, 52, 29, 1, 5057521.91, 'Поставка в течение 30 дней с момента заключения договора'),
(53, 53, 26, 1, 491906.59, 'Поставка в течение 30 дней с момента заключения договора'),
(54, 54, 31, 1, 5853033.04, 'Поставка в течение 30 дней с момента заключения договора'),
(55, 55, 25, 1, 748476.65, 'Поставка в течение 30 дней с момента заключения договора'),
(56, 56, 30, 1, 9721439.18, 'Поставка в течение 30 дней с момента заключения договора'),
(57, 57, 30, 1, NULL, 'Отказ — оборудование вне ассортимента'),
(58, 58, 25, 1, 3814545.26, 'Поставка в течение 30 дней с момента заключения договора'),
(59, 59, 26, 1, 282905.96, 'Поставка в течение 30 дней с момента заключения договора'),
(60, 60, 25, 1, 40589898.78, 'Поставка в течение 30 дней с момента заключения договора'),
(61, 61, 25, 1, NULL, 'Отказ — оборудование вне ассортимента'),
(62, 62, 33, 1, 636930.85, 'Поставка в течение 30 дней с момента заключения договора'),
(63, 63, 25, 1, 14914844.62, 'Поставка в течение 30 дней с момента заключения договора'),
(64, 64, 29, 1, 53110699.19, 'Поставка в течение 30 дней с момента заключения договора'),
(65, 65, 32, 1, NULL, 'Отказ — оборудование вне ассортимента'),
(66, 66, 33, 1, 4078025.64, 'Поставка в течение 30 дней с момента заключения договора'),
(67, 67, 30, 1, 15139570.8, 'Поставка в течение 30 дней с момента заключения договора'),
(68, 68, 28, 1, 9029966.38, 'Поставка в течение 30 дней с момента заключения договора'),
(69, 69, 32, 1, NULL, 'Отказ — оборудование вне ассортимента'),
(70, 70, 29, 1, NULL, 'Отказ — оборудование вне ассортимента'),
(71, 71, 26, 1, 4721291.99, 'Поставка в течение 30 дней с момента заключения договора'),
(72, 72, 30, 1, 8365019.92, 'Поставка в течение 30 дней с момента заключения договора'),
(73, 73, 29, 1, NULL, 'Отказ — оборудование вне ассортимента'),
(74, 74, 34, 1, 3754069.16, 'Поставка в течение 30 дней с момента заключения договора'),
(75, 75, 32, 1, 127089.35, 'Поставка в течение 30 дней с момента заключения договора'),
(76, 76, 16, 1, 12414981.36, 'Поставка в течение 30 дней с момента заключения договора'),
(77, 77, 16, 1, 427743.29, 'Поставка в течение 30 дней с момента заключения договора'),
(78, 78, 14, 1, NULL, 'Ответ не получен'),
(79, 79, 13, 1, 135861.74, 'Поставка в течение 30 дней с момента заключения договора'),
(80, 80, 13, 1, NULL, 'Отказ — оборудование вне ассортимента'),
(81, 81, 18, 1, 536539.06, 'Поставка в течение 30 дней с момента заключения договора'),
(82, 82, 16, 1, 259551.59, 'Поставка в течение 30 дней с момента заключения договора'),
(83, 83, 15, 1, 1594945.99, 'Поставка в течение 30 дней с момента заключения договора'),
(84, 84, 16, 1, 13246386.76, 'Поставка в течение 30 дней с момента заключения договора'),
(85, 85, 16, 1, 1663540.05, 'Поставка в течение 30 дней с момента заключения договора'),
(86, 86, 16, 1, 12226946.89, 'Поставка в течение 30 дней с момента заключения договора'),
(87, 87, 39, 1, NULL, 'Отказ — оборудование вне ассортимента'),
(88, 88, 39, 1, 67621.38, 'Поставка в течение 30 дней с момента заключения договора'),
(89, 89, 39, 1, 5661788.6, 'Поставка в течение 30 дней с момента заключения договора'),
(90, 90, 42, 1, 523010.6, 'Поставка в течение 30 дней с момента заключения договора'),
(91, 91, 41, 1, 243694.9, 'Поставка в течение 30 дней с момента заключения договора'),
(92, 92, 39, 1, 5067851.7, 'Поставка в течение 30 дней с момента заключения договора'),
(93, 93, 40, 1, 5951764.42, 'Поставка в течение 30 дней с момента заключения договора'),
(94, 94, 40, 1, 2003110.3, 'Поставка в течение 30 дней с момента заключения договора'),
(95, 95, 40, 1, 204963.62, 'Поставка в течение 30 дней с момента заключения договора'),
(96, 96, 42, 1, 61892.03, 'Поставка в течение 30 дней с момента заключения договора'),
(97, 97, 40, 1, 182918.83, 'Поставка в течение 30 дней с момента заключения договора'),
(98, 98, 42, 1, 65924.35, 'Поставка в течение 30 дней с момента заключения договора'),
(99, 99, 40, 1, 2088058.37, 'Поставка в течение 30 дней с момента заключения договора'),
(100, 100, 41, 1, 79053.15, 'Поставка в течение 30 дней с момента заключения договора'),
(101, 101, 42, 1, NULL, 'Отказ — оборудование вне ассортимента'),
(102, 102, 40, 1, 1518214.27, 'Поставка в течение 30 дней с момента заключения договора'),
(103, 103, 39, 1, 324200.47, 'Поставка в течение 30 дней с момента заключения договора'),
(104, 104, 42, 1, 93966.78, 'Поставка в течение 30 дней с момента заключения договора'),
(105, 105, 51, 1, 307728.59, 'Поставка в течение 30 дней с момента заключения договора'),
(106, 106, 47, 1, NULL, 'Ответ не получен'),
(107, 107, 47, 1, 266495.1, 'Поставка в течение 30 дней с момента заключения договора'),
(108, 108, 51, 1, 1224669.34, 'Поставка в течение 30 дней с момента заключения договора'),
(109, 109, 47, 1, 1369790.03, 'Поставка в течение 30 дней с момента заключения договора'),
(110, 110, 47, 1, 1073821.66, 'Поставка в течение 30 дней с момента заключения договора'),
(111, 111, 48, 1, NULL, 'Отказ — оборудование вне ассортимента'),
(112, 112, 48, 1, 176159.1, 'Поставка в течение 30 дней с момента заключения договора'),
(113, 113, 50, 1, 54640.83, 'Поставка в течение 30 дней с момента заключения договора'),
(114, 114, 50, 1, 909572.06, 'Поставка в течение 30 дней с момента заключения договора'),
(115, 115, 50, 1, NULL, 'Отказ — оборудование вне ассортимента'),
(116, 116, 48, 1, 83647.07, 'Поставка в течение 30 дней с момента заключения договора'),
(117, 117, 50, 1, NULL, 'Отказ — оборудование вне ассортимента'),
(118, 118, 43, 1, NULL, 'Ответ не получен'),
(119, 119, 44, 1, 1079001.61, 'Поставка в течение 30 дней с момента заключения договора'),
(120, 120, 46, 1, 65069.24, 'Поставка в течение 30 дней с момента заключения договора'),
(121, 121, 43, 1, NULL, 'Отказ — оборудование вне ассортимента'),
(122, 122, 46, 1, 20585.11, 'Поставка в течение 30 дней с момента заключения договора'),
(123, 123, 45, 1, 649024.53, 'Поставка в течение 30 дней с момента заключения договора'),
(124, 124, 46, 1, 123662.88, 'Поставка в течение 30 дней с момента заключения договора'),
(125, 125, 45, 1, 955739.36, 'Поставка в течение 30 дней с момента заключения договора'),
(126, 126, 46, 1, 837995.63, 'Поставка в течение 30 дней с момента заключения договора'),
(127, 127, 46, 1, 260313.33, 'Поставка в течение 30 дней с момента заключения договора'),
(128, 128, 44, 1, 671455.76, 'Поставка в течение 30 дней с момента заключения договора');

-- ========== Реальные УЗИ-тендеры Самарской области (zakupki.gov.ru) ==========
-- Каждый реестровый номер проверен через
-- https://zakupki.gov.ru/epz/order/extendedsearch/results.html?searchString=<number>
-- Источник: Главное управление организации торгов Самарской области и СамГМУ.

INSERT INTO tender (tender_number, facility_id, status, purchase_type, deadline, publish_date, total_cost, description, delivery_address, contact_last_name, contact_first_name, contact_middle_name, contact_phone, contact_email) VALUES
('0142200001317003054', 17, 'COMPLETED', 'ELECTRONIC_AUCTION', DATE '2017-04-19', DATE '2017-02-15', 5000000.0, 'Поставка аппаратов УЗИ', 'г. Самара (по адресу заказчика)', 'Симонов', 'Дмитрий', 'Игоревич', '+7 (846) 332-71-00', 'info@kotso.ru'),
('0142200001317006019', 17, 'COMPLETED', 'ELECTRONIC_AUCTION', DATE '2017-06-15', DATE '2017-04-22', 5000000.0, 'Поставка аппаратов УЗИ', 'г. Самара (по адресу заказчика)', 'Симонов', 'Дмитрий', 'Игоревич', '+7 (846) 332-71-00', 'info@kotso.ru'),
('0142200001318003873', 17, 'COMPLETED', 'ELECTRONIC_AUCTION', DATE '2018-04-25', DATE '2018-02-28', 5600000.0, 'Поставка аппарата УЗИ', 'г. Самара (по адресу заказчика)', 'Симонов', 'Дмитрий', 'Игоревич', '+7 (846) 332-71-00', 'info@kotso.ru'),
('0142200001319006334', 17, 'COMPLETED', 'ELECTRONIC_AUCTION', DATE '2019-05-30', DATE '2019-03-18', 6545600.0, 'Поставка ультразвуковой системы', 'г. Самара (по адресу заказчика)', 'Симонов', 'Дмитрий', 'Игоревич', '+7 (846) 332-71-00', 'info@kotso.ru'),
('0142200001319011932', 17, 'COMPLETED', 'ELECTRONIC_AUCTION', DATE '2019-08-14', DATE '2019-06-05', 8020000.0, 'Поставка системы ультразвуковой', 'г. Самара (по адресу заказчика)', 'Симонов', 'Дмитрий', 'Игоревич', '+7 (846) 332-71-00', 'info@kotso.ru'),
('0142200001319012799', 17, 'COMPLETED', 'ELECTRONIC_AUCTION', DATE '2019-08-26', DATE '2019-06-19', 8020000.0, 'Поставка системы ультразвуковой', 'г. Самара (по адресу заказчика)', 'Симонов', 'Дмитрий', 'Игоревич', '+7 (846) 332-71-00', 'info@kotso.ru'),
('0142200001320002158', 17, 'COMPLETED', 'ELECTRONIC_AUCTION', DATE '2020-03-04', DATE '2020-01-12', 3525000.0, 'Портативная ультразвуковая система экспертного класса', 'г. Самара (по адресу заказчика)', 'Симонов', 'Дмитрий', 'Игоревич', '+7 (846) 332-71-00', 'info@kotso.ru'),
('0342100011821000250', 18, 'COMPLETED', 'ELECTRONIC_AUCTION', DATE '2021-06-17', DATE '2021-04-08', 12200000.0, 'Поставка ультразвукового аппарата экспертного класса', 'г. Самара (по адресу заказчика)', 'Котельников', 'Геннадий', 'Петрович', '+7 (846) 333-29-76', 'info@samsmu.ru'),
('0342100011821000252', 18, 'COMPLETED', 'ELECTRONIC_AUCTION', DATE '2021-06-17', DATE '2021-04-08', 5597740.0, 'Поставка аппарата ультразвукового диагностического с принадлежностями', 'г. Самара (по адресу заказчика)', 'Котельников', 'Геннадий', 'Петрович', '+7 (846) 333-29-76', 'info@samsmu.ru'),
('0342100011821000340', 18, 'COMPLETED', 'ELECTRONIC_AUCTION', DATE '2021-07-28', DATE '2021-05-20', 18930000.0, 'Поставка ультразвукового аппарата', 'г. Самара (по адресу заказчика)', 'Котельников', 'Геннадий', 'Петрович', '+7 (846) 333-29-76', 'info@samsmu.ru'),
('0342100011822000141', 18, 'COMPLETED', 'ELECTRONIC_AUCTION', DATE '2022-05-12', DATE '2022-03-04', 16784000.0, 'Поставка ультразвукового аппарата экспертного класса с датчиками', 'г. Самара (по адресу заказчика)', 'Котельников', 'Геннадий', 'Петрович', '+7 (846) 333-29-76', 'info@samsmu.ru'),
('0142200001322015021', 17, 'COMPLETED', 'ELECTRONIC_AUCTION', DATE '2022-07-06', DATE '2022-05-09', 1998000.0, 'Поставка товара (аппарат УЗИ) для нужд ГБУЗ СО «Самарская городская больница №7»', 'г. Самара (по адресу заказчика)', 'Симонов', 'Дмитрий', 'Игоревич', '+7 (846) 332-71-00', 'info@kotso.ru'),
('0142200001322017679', 17, 'COMPLETED', 'ELECTRONIC_AUCTION', DATE '2022-08-10', DATE '2022-06-15', 999000.0, 'Приобретение аппарата УЗИ для нужд ГБУЗ СО «Самарская городская больница №7»', 'г. Самара (по адресу заказчика)', 'Симонов', 'Дмитрий', 'Игоревич', '+7 (846) 332-71-00', 'info@kotso.ru');

INSERT INTO tender_lot (tender_id, lot_number, equip_name, equip_type_id, quantity, max_cost, max_length_mm, max_width_mm, max_height_mm, max_weight_kg, required_spec) VALUES
(129, 1, 'УЗИ-аппарат, соответствующий ТЗ', (SELECT id FROM equipment_type WHERE name='УЗИ'), 1, 5000000.0, 800, 900, 1600, 150.0, 'Универсальный с S-Vue-датчиками'),
(130, 1, 'УЗИ-аппарат, соответствующий ТЗ', (SELECT id FROM equipment_type WHERE name='УЗИ'), 1, 5000000.0, 800, 900, 1600, 150.0, 'Универсальный с цветным допплером и эластографией'),
(131, 1, 'УЗИ-аппарат, соответствующий ТЗ', (SELECT id FROM equipment_type WHERE name='УЗИ'), 1, 5600000.0, 800, 900, 1600, 150.0, 'Премиум-класс с 4D и матричными датчиками'),
(132, 1, 'УЗИ-аппарат, соответствующий ТЗ', (SELECT id FROM equipment_type WHERE name='УЗИ'), 1, 6545600.0, 800, 900, 1600, 150.0, 'Универсальный с S-Vue-датчиками'),
(133, 1, 'УЗИ-аппарат, соответствующий ТЗ', (SELECT id FROM equipment_type WHERE name='УЗИ'), 1, 8020000.0, 800, 900, 1600, 150.0, 'Премиум-класс с 4D и матричными датчиками'),
(134, 1, 'УЗИ-аппарат, соответствующий ТЗ', (SELECT id FROM equipment_type WHERE name='УЗИ'), 1, 8020000.0, 800, 900, 1600, 150.0, 'Премиум с AI-классификацией и 4D'),
(135, 1, 'УЗИ-аппарат, соответствующий ТЗ', (SELECT id FROM equipment_type WHERE name='УЗИ'), 1, 3525000.0, 450, 400, 350, 12.0, 'Портативный с 15-дюймовым экраном'),
(136, 1, 'УЗИ-аппарат, соответствующий ТЗ', (SELECT id FROM equipment_type WHERE name='УЗИ'), 1, 12200000.0, 800, 900, 1600, 150.0, 'Премиум с AI-классификацией и 4D'),
(137, 1, 'УЗИ-аппарат, соответствующий ТЗ', (SELECT id FROM equipment_type WHERE name='УЗИ'), 1, 5597740.0, 800, 900, 1600, 150.0, 'Универсальный с S-Vue-датчиками'),
(138, 1, 'УЗИ-аппарат, соответствующий ТЗ', (SELECT id FROM equipment_type WHERE name='УЗИ'), 1, 18930000.0, 800, 900, 1600, 150.0, 'Премиум-класс с 4D и матричными датчиками'),
(139, 1, 'УЗИ-аппарат, соответствующий ТЗ', (SELECT id FROM equipment_type WHERE name='УЗИ'), 1, 16784000.0, 800, 900, 1600, 150.0, 'Премиум с AI-классификацией и 4D'),
(140, 1, 'УЗИ-аппарат, соответствующий ТЗ', (SELECT id FROM equipment_type WHERE name='УЗИ'), 1, 1998000.0, 800, 900, 1600, 150.0, 'Универсальный с цветным допплером и эластографией'),
(141, 1, 'УЗИ-аппарат, соответствующий ТЗ', (SELECT id FROM equipment_type WHERE name='УЗИ'), 1, 999000.0, 450, 400, 350, 12.0, 'Портативный с 15-дюймовым экраном');

INSERT INTO activity_apply (tender_id, status, created_at, contract_number, contract_signed_at, delivery_status, delivered_at, paid_at) VALUES
(129, 'WON', TIMESTAMP '2017-03-24 10:00:00', 'РМ-2017-У001', DATE '2017-05-03', 'PAID', DATE '2017-06-05', DATE '2017-06-18'),
(130, 'WON', TIMESTAMP '2017-05-31 10:00:00', 'РМ-2017-У002', DATE '2017-07-05', 'PAID', DATE '2017-08-17', DATE '2017-09-06'),
(131, 'WON', TIMESTAMP '2018-04-08 10:00:00', 'РМ-2018-У003', DATE '2018-05-06', 'PAID', DATE '2018-06-23', DATE '2018-07-07'),
(132, 'WON', TIMESTAMP '2019-04-15 10:00:00', 'РМ-2019-У004', DATE '2019-06-15', 'PAID', DATE '2019-07-20', DATE '2019-08-07'),
(133, 'WON', TIMESTAMP '2019-07-02 10:00:00', 'РМ-2019-У005', DATE '2019-09-08', 'PAID', DATE '2019-10-08', DATE '2019-11-06'),
(134, 'WON', TIMESTAMP '2019-07-09 10:00:00', 'РМ-2019-У006', DATE '2019-09-19', 'PAID', DATE '2019-11-07', DATE '2019-12-03'),
(135, 'WON', TIMESTAMP '2020-02-04 10:00:00', 'РМ-2020-У007', DATE '2020-03-21', 'PAID', DATE '2020-05-06', DATE '2020-05-16'),
(136, 'WON', TIMESTAMP '2021-05-16 10:00:00', 'РМ-2021-У008', DATE '2021-07-08', 'PAID', DATE '2021-08-02', DATE '2021-08-25'),
(137, 'WON', TIMESTAMP '2021-04-27 10:00:00', 'РМ-2021-У009', DATE '2021-07-01', 'PAID', DATE '2021-07-28', DATE '2021-08-10'),
(138, 'WON', TIMESTAMP '2021-06-09 10:00:00', 'РМ-2021-У010', DATE '2021-08-14', 'PAID', DATE '2021-10-06', DATE '2021-10-17'),
(139, 'WON', TIMESTAMP '2022-03-23 10:00:00', 'РМ-2022-У011', DATE '2022-06-03', 'PAID', DATE '2022-07-19', DATE '2022-08-06'),
(140, 'WON', TIMESTAMP '2022-06-05 10:00:00', 'РМ-2022-У012', DATE '2022-07-17', 'PAID', DATE '2022-09-02', DATE '2022-09-29'),
(141, 'WON', TIMESTAMP '2022-07-17 10:00:00', 'РМ-2022-У013', DATE '2022-08-23', 'PAID', DATE '2022-10-03', DATE '2022-10-24');

INSERT INTO apply_item (apply_id, tender_lot_id, med_equip_id, distributor_id, offered_cost, quantity) VALUES
(129, (SELECT id FROM tender_lot WHERE tender_id=129 ORDER BY id DESC LIMIT 1), 4, 4, 4035203.89, 1),
(130, (SELECT id FROM tender_lot WHERE tender_id=130 ORDER BY id DESC LIMIT 1), 1, 1, 4524022.67, 1),
(131, (SELECT id FROM tender_lot WHERE tender_id=131 ORDER BY id DESC LIMIT 1), 2, 7, 4592237.42, 1),
(132, (SELECT id FROM tender_lot WHERE tender_id=132 ORDER BY id DESC LIMIT 1), 4, 9, 5288010.65, 1),
(133, (SELECT id FROM tender_lot WHERE tender_id=133 ORDER BY id DESC LIMIT 1), 2, 4, 6674735.78, 1),
(134, (SELECT id FROM tender_lot WHERE tender_id=134 ORDER BY id DESC LIMIT 1), 5, 4, 6527883.92, 1),
(135, (SELECT id FROM tender_lot WHERE tender_id=135 ORDER BY id DESC LIMIT 1), 6, 4, 3233952.21, 1),
(136, (SELECT id FROM tender_lot WHERE tender_id=136 ORDER BY id DESC LIMIT 1), 5, 1, 10870947.15, 1),
(137, (SELECT id FROM tender_lot WHERE tender_id=137 ORDER BY id DESC LIMIT 1), 4, 9, 4702224.21, 1),
(138, (SELECT id FROM tender_lot WHERE tender_id=138 ORDER BY id DESC LIMIT 1), 2, 7, 17013351.49, 1),
(139, (SELECT id FROM tender_lot WHERE tender_id=139 ORDER BY id DESC LIMIT 1), 5, 4, 14709745.25, 1),
(140, (SELECT id FROM tender_lot WHERE tender_id=140 ORDER BY id DESC LIMIT 1), 1, 9, 1800035.98, 1),
(141, (SELECT id FROM tender_lot WHERE tender_id=141 ORDER BY id DESC LIMIT 1), 6, 4, 908674.72, 1);

INSERT INTO price_request (tender_id, distributor_id, status, sent_at, response_date, note, created_at) VALUES
(129, 4, 'ACCEPTED', TIMESTAMP '2017-03-22 10:00:00', DATE '2017-03-24', 'КП принято, контракт подписан', TIMESTAMP '2017-03-21 10:00:00'),
(130, 1, 'ACCEPTED', TIMESTAMP '2017-05-29 10:00:00', DATE '2017-05-31', 'КП принято, контракт подписан', TIMESTAMP '2017-05-28 10:00:00'),
(131, 7, 'ACCEPTED', TIMESTAMP '2018-04-06 10:00:00', DATE '2018-04-08', 'КП принято, контракт подписан', TIMESTAMP '2018-04-05 10:00:00'),
(132, 9, 'ACCEPTED', TIMESTAMP '2019-04-13 10:00:00', DATE '2019-04-15', 'КП принято, контракт подписан', TIMESTAMP '2019-04-12 10:00:00'),
(133, 4, 'ACCEPTED', TIMESTAMP '2019-06-30 10:00:00', DATE '2019-07-02', 'КП принято, контракт подписан', TIMESTAMP '2019-06-29 10:00:00'),
(134, 4, 'ACCEPTED', TIMESTAMP '2019-07-07 10:00:00', DATE '2019-07-09', 'КП принято, контракт подписан', TIMESTAMP '2019-07-06 10:00:00'),
(135, 4, 'ACCEPTED', TIMESTAMP '2020-02-02 10:00:00', DATE '2020-02-04', 'КП принято, контракт подписан', TIMESTAMP '2020-02-01 10:00:00'),
(136, 1, 'ACCEPTED', TIMESTAMP '2021-05-14 10:00:00', DATE '2021-05-16', 'КП принято, контракт подписан', TIMESTAMP '2021-05-13 10:00:00'),
(137, 9, 'ACCEPTED', TIMESTAMP '2021-04-25 10:00:00', DATE '2021-04-27', 'КП принято, контракт подписан', TIMESTAMP '2021-04-24 10:00:00'),
(138, 7, 'ACCEPTED', TIMESTAMP '2021-06-07 10:00:00', DATE '2021-06-09', 'КП принято, контракт подписан', TIMESTAMP '2021-06-06 10:00:00'),
(139, 4, 'ACCEPTED', TIMESTAMP '2022-03-21 10:00:00', DATE '2022-03-23', 'КП принято, контракт подписан', TIMESTAMP '2022-03-20 10:00:00'),
(140, 9, 'ACCEPTED', TIMESTAMP '2022-06-03 10:00:00', DATE '2022-06-05', 'КП принято, контракт подписан', TIMESTAMP '2022-06-02 10:00:00'),
(141, 4, 'ACCEPTED', TIMESTAMP '2022-07-15 10:00:00', DATE '2022-07-17', 'КП принято, контракт подписан', TIMESTAMP '2022-07-14 10:00:00');

INSERT INTO price_request_item (price_request_id, tender_lot_id, med_equipment_id, requested_quantity, response_price, response_note) VALUES
(129, (SELECT id FROM tender_lot WHERE tender_id=129 ORDER BY id DESC LIMIT 1), 4, 1, 2700772.96, 'Поставка в течение 30 дней'),
(130, (SELECT id FROM tender_lot WHERE tender_id=130 ORDER BY id DESC LIMIT 1), 1, 1, 3199341.75, 'Поставка в течение 30 дней'),
(131, (SELECT id FROM tender_lot WHERE tender_id=131 ORDER BY id DESC LIMIT 1), 2, 1, 3008399.66, 'Поставка в течение 30 дней'),
(132, (SELECT id FROM tender_lot WHERE tender_id=132 ORDER BY id DESC LIMIT 1), 4, 1, 4117787.03, 'Поставка в течение 30 дней'),
(133, (SELECT id FROM tender_lot WHERE tender_id=133 ORDER BY id DESC LIMIT 1), 2, 1, 5090179.38, 'Поставка в течение 30 дней'),
(134, (SELECT id FROM tender_lot WHERE tender_id=134 ORDER BY id DESC LIMIT 1), 5, 1, 4961086.61, 'Поставка в течение 30 дней'),
(135, (SELECT id FROM tender_lot WHERE tender_id=135 ORDER BY id DESC LIMIT 1), 6, 1, 2131209.93, 'Поставка в течение 30 дней'),
(136, (SELECT id FROM tender_lot WHERE tender_id=136 ORDER BY id DESC LIMIT 1), 5, 1, 8152366.38, 'Поставка в течение 30 дней'),
(137, (SELECT id FROM tender_lot WHERE tender_id=137 ORDER BY id DESC LIMIT 1), 4, 1, 3303924.85, 'Поставка в течение 30 дней'),
(138, (SELECT id FROM tender_lot WHERE tender_id=138 ORDER BY id DESC LIMIT 1), 2, 1, 13392135.85, 'Поставка в течение 30 дней'),
(139, (SELECT id FROM tender_lot WHERE tender_id=139 ORDER BY id DESC LIMIT 1), 5, 1, 10375363.59, 'Поставка в течение 30 дней'),
(140, (SELECT id FROM tender_lot WHERE tender_id=140 ORDER BY id DESC LIMIT 1), 1, 1, 1205134.64, 'Поставка в течение 30 дней'),
(141, (SELECT id FROM tender_lot WHERE tender_id=141 ORDER BY id DESC LIMIT 1), 6, 1, 714551.03, 'Поставка в течение 30 дней');

-- ========== Реальные ACTIVE тендеры (июнь 2026, zakupki.gov.ru) ==========
-- Каждый номер проверен через
-- https://zakupki.gov.ru/epz/order/extendedsearch/results.html?searchString=<number>
-- На момент 05.06.2026 все 3 в статусе «Подача заявок».

INSERT INTO tender (tender_number, facility_id, status, purchase_type, deadline, publish_date, total_cost, description, delivery_address, contact_last_name, contact_first_name, contact_middle_name, contact_phone, contact_email) VALUES
('0142200001326012635', 17, 'ACTIVE', 'ELECTRONIC_AUCTION', DATE '2026-06-11', DATE '2026-04-25', 500000.0, 'Поставка медицинского оборудования (Кольпоскоп) на 2026 год для нужд ГБУЗ СО «Самарская городская больница №10»', 'г. Самара, ул. Самарская, 146А', 'Симонов', 'Дмитрий', 'Игоревич', '+7 (846) 332-71-00', 'info@kotso.ru'),
('0142200001326012722', 17, 'ACTIVE', 'ELECTRONIC_AUCTION', DATE '2026-06-17', DATE '2026-05-04', 240625.48, 'Поставка расходных материалов для аппарата Opticon Revolution (Лот 4) для нужд ГБУЗ Самарской области', 'г. Самара, ул. Самарская, 146А', 'Симонов', 'Дмитрий', 'Игоревич', '+7 (846) 332-71-00', 'info@kotso.ru'),
('0142200001326012786', 17, 'ACTIVE', 'ELECTRONIC_AUCTION', DATE '2026-06-16', DATE '2026-05-01', 338000.0, 'Поставка медицинского оборудования для ГБУЗ Самарской области «Самарская городская поликлиника №13 Железнодорожного района» в 2026 году', 'г. Самара, ул. Самарская, 146А', 'Симонов', 'Дмитрий', 'Игоревич', '+7 (846) 332-71-00', 'info@kotso.ru');

INSERT INTO tender_lot (tender_id, lot_number, equip_name, equip_type_id, quantity, max_cost, max_length_mm, max_width_mm, max_height_mm, max_weight_kg, required_spec) VALUES
((SELECT id FROM tender WHERE tender_number='0142200001326012635'), 1, 'Эндоскоп, соответствующий ТЗ', (SELECT id FROM equipment_type WHERE name='Эндоскоп'), 1, 500000.0, 410, 480, 380, 25.0, 'HD-видеокольпоскоп для гинекологических исследований'),
((SELECT id FROM tender WHERE tender_number='0142200001326012722'), 1, 'Компьютерный томограф, соответствующий ТЗ', (SELECT id FROM equipment_type WHERE name='Компьютерный томограф'), 1, 240625.48, 200, 200, 200, 5.0, 'Расходные материалы для томографа GE Revolution (Optima Revolution)'),
((SELECT id FROM tender WHERE tender_number='0142200001326012786'), 1, 'Монитор пациента, соответствующий ТЗ', (SELECT id FROM equipment_type WHERE name='Монитор пациента'), 1, 338000.0, 500, 380, 430, 11.0, 'Универсальный для поликлинических кабинетов');

-- ========== West-Med (KZ) демо-данные ==========

INSERT INTO facility (name, inn, address, market) VALUES
  ('ГКП «Городская больница №1 г. Алматы»', NULL, 'Казахстан, г. Алматы, ул. Толе би, 100', 'KZ'),
  ('КГП «Областной перинатальный центр г. Шымкент»', NULL, 'Казахстан, г. Шымкент, пр. Тауке хана, 5', 'KZ');

INSERT INTO distributor (name, inn, address, market) VALUES
  ('ТОО «МедСнаб Казахстан»', NULL, 'г. Алматы, ул. Сатпаева, 30', 'KZ'),
  ('ТОО «Алматы Медтехника»', NULL, 'г. Алматы, пр. Абая, 150', 'KZ');

INSERT INTO med_equipment (name, manufact, equip_type_id, length_mm, width_mm, height_mm, weight_kg, spec, market) VALUES
  ('УЗИ-аппарат Mindray DC-70 (KZ)', 'Mindray', (SELECT id FROM equipment_type WHERE name='УЗИ'), 575, 750, 1390, 95.0, 'Поставка West-Med', 'KZ'),
  ('Аппарат ИВЛ Hamilton C6 (KZ)', 'Hamilton Medical', (SELECT id FROM equipment_type WHERE name='ИВЛ'), 420, 430, 1400, 42.0, 'Поставка West-Med', 'KZ');

INSERT INTO tender (tender_number, facility_id, status, deadline, total_cost, currency, description, market) VALUES
  ('KZ-2026-0001', (SELECT id FROM facility WHERE name='ГКП «Городская больница №1 г. Алматы»'), 'NEW',
   DATE '2026-08-15', 45000000.00, 'KZT', 'Закуп УЗИ-аппарата для горбольницы №1 (Алматы)', 'KZ');

-- KZ дистрибьюторы — привязка к типам оборудования (УЗИ, ИВЛ) для bulk-КП "eligible distributors"
INSERT INTO distributor_equipment_type (distributor_id, equipment_type_id)
SELECT d.id, et.id FROM distributor d, equipment_type et
WHERE d.name IN ('ТОО «МедСнаб Казахстан»','ТОО «Алматы Медтехника»')
  AND et.name IN ('УЗИ','ИВЛ');

-- KZ частная заявка (демо потока «частники»: tender source=PRIVATE_REQUEST, deadline null)
INSERT INTO tender (tender_number, facility_id, status, source, market, description) VALUES
  ('ЧЗ-2026-0001', (SELECT id FROM facility WHERE name='ГКП «Городская больница №1 г. Алматы»'),
   'NEW', 'PRIVATE_REQUEST', 'KZ', 'Запрос от частной клиники: ЭКГ и расходники');

INSERT INTO tender_lot (tender_id, lot_number, equip_name, manufact, quantity) VALUES
  ((SELECT id FROM tender WHERE tender_number='ЧЗ-2026-0001'), 1, 'Электрокардиограф BeneHeart R12', 'Mindray', 2),
  ((SELECT id FROM tender WHERE tender_number='ЧЗ-2026-0001'), 2, 'Криосауна CryoSpace', 'КриоСпейс', 1);

-- KZ поставщики — бренды (для подбора поставщиков по брендам в частных заявках, блок C)
INSERT INTO distributor_brand (distributor_id, brand)
SELECT id, b FROM distributor, (VALUES ('Mindray'), ('Hamilton Medical'), ('Drager')) AS x(b)
WHERE name = 'ТОО «МедСнаб Казахстан»';
INSERT INTO distributor_brand (distributor_id, brand)
SELECT id, b FROM distributor, (VALUES ('Philips'), ('GE Healthcare')) AS x(b)
WHERE name = 'ТОО «Алматы Медтехника»';
